ID,Name,LastName,Date,FavPet
1,Ellen,Cunningham,Thursday, March 17, 5081,Downy woodpecker
2,Jack,Wilton,Sunday, March 13, 7910,African elephant
3,Julius,Santos,Monday, July 21, 2786,Brown capuchin
4,Nick,Samuel,Tuesday, February 23, 4675,Common wombat
5,Liam,Collis,Wednesday, January 27, 7312,Great kiskadee
6,Enoch,Jarvis,Sunday, February 7, 6799,Hippopotamus
7,Rick,Smith,Friday, March 29, 3022,Blue-tongued lizard
8,Logan,Ward,Thursday, August 16, 5207,Gray rhea
9,Aileen,Addis,Monday, September 18, 9324,Emu
10,Erick,Swift,Sunday, November 29, 2201,Euro wallaby
11,Carina,Allcott,Tuesday, January 11, 9527,Kelp gull
12,Candice,Woodley,Tuesday, March 10, 1959,Red Panda
13,Chadwick,Maxwell,Sunday, September 16, 3725,Galah
14,Jack,Morley,Thursday, October 18, 3410,Dodo
15,Phillip,Gibbons,Thursday, May 21, 2601,Indian giant squirrel
16,Vera,Cassidy,Monday, July 22, 4267,Eastern cottontail rabbit
17,Regina,Myatt,Saturday, May 24, 4910,Cape wild cat
18,Janelle,Savage,Tuesday, June 28, 7414,Komodo Dragon
19,Alison,Tanner,Friday, June 8, 7359,Kinkajou
20,Nicole,Chapman,Wednesday, April 29, 8708,Common turkey
21,Keira,Shields,Sunday, August 19, 3410,Indian jackal
22,Rhea,Jackson,Friday, April 25, 5056,Giant anteater
23,Anne,Asher,Thursday, September 26, 1005,Eagle owl
24,Analise,Stubbs,Thursday, November 16, 3093,Giant otter
25,Ramon,Griffiths,Saturday, March 13, 2641,Indian jackal
26,Mina,Dann,Monday, August 10, 2595,Seal
27,Logan,Turner,Wednesday, August 28, 1782,Black-capped chickadee
28,Jolene,Umney,Friday, March 5, 8579,Crested porcupine
29,Julian,Fox,Wednesday, September 27, 3989,Falcon
30,Camila,Jordan,Tuesday, May 24, 0636,Huron
31,Sadie,Quinn,Thursday, April 7, 4185,Hoary marmot
32,Kenzie,King,Sunday, April 23, 2952,Golden eagle
33,Aisha,Lloyd,Tuesday, October 16, 8496,Chestnut weaver
34,Chelsea,Wood,Monday, October 16, 8665,Jungle cat
35,Ryan,Wood,Saturday, April 5, 5766,Common wolf
36,Leroy,May,Tuesday, April 11, 2778,Chicken
37,Thea,Wooldridge,Monday, June 7, 2737,Bushpig
38,Marie,Patel,Tuesday, August 8, 3037,Komodo Dragon
39,Cara,Cameron,Wednesday, July 29, 1525,Sea Lion
40,Cameron,Avery,Monday, August 2, 0658,Common dolphin
41,Chelsea,Clarke,Saturday, April 9, 0546,Chacma baboon
42,Gabriel,Mcnally,Thursday, July 27, 4682,Great kiskadee
43,Michael,Moore,Sunday, April 25, 4004,Great horned owl
44,Benjamin,Vincent,Saturday, February 14, 4961,Caracal
45,Anabel,Nicolas,Friday, July 25, 6527,Caracal
46,Marvin,Russell,Friday, June 3, 6568,Collared peccary
47,Sebastian,Wigley,Tuesday, July 17, 2553,Cereopsis goose
48,Rick,Bingham,Wednesday, November 5, 7783,Bushpig
49,Kassandra,Moss,Wednesday, February 14, 3444,Black-footed ferret
50,Jacob,Drummond,Tuesday, December 5, 6056,Fossa
51,Hank,Clarke,Friday, September 28, 7257,Carpet python
52,Bree,Whitmore,Saturday, January 10, 9514,Indian mynah
53,Chuck,Todd,Friday, June 20, 1687,Deer
54,Stella,Stark,Sunday, May 31, 3778,Comb duck
55,Mason,Coll,Friday, April 28, 5330,Blue fox
56,Daron,Farrant,Tuesday, April 14, 7001,Gorilla
57,Camden,Douglas,Sunday, December 21, 4656,Giant otter
58,Alexander,London,Friday, November 15, 6813,Crested bunting
59,Abdul,Hooper,Sunday, February 10, 0233,Calf
60,Drew,Thomson,Friday, June 16, 7026,Fossa
61,Maggie,Callan,Wednesday, December 17, 0464,Polar Bear
62,Fiona,Roberts,Thursday, August 29, 2419,Common seal
63,Isla,Speed,Friday, December 11, 2122,Albatross
64,Mabel,Thomas,Tuesday, December 27, 6388,Giant otter
65,Melania,Fields,Friday, December 30, 0208,Crested barbet
66,Ally,Weatcroft,Sunday, May 6, 0091,Desert tortoise
67,Tania,Latham,Sunday, August 19, 4198,Jabiru stork
68,Liam,Rixon,Wednesday, November 23, 7729,Cereopsis goose
69,Jackeline,Doherty,Saturday, October 11, 7327,Common zebra
70,Boris,Leslie,Saturday, March 31, 6970,Eagle owl
71,Boris,Payne,Tuesday, November 19, 4182,Fossa
72,Angel,Fulton,Saturday, May 15, 7086,Glossy ibis
73,Zara,Marshall,Thursday, December 9, 0117,Black-capped chickadee
74,Makenzie,James,Wednesday, September 24, 1366,Indian leopard
75,Helen,Goldsmith,Tuesday, June 26, 0981,Cat
76,Hailey,Carter,Thursday, February 14, 2430,Golden jackal
77,Sydney,Hancock,Tuesday, March 26, 9247,Baboon
78,Matt,Roman,Saturday, July 19, 2549,Horned rattlesnake
79,Chester,Roberts,Wednesday, March 7, 9962,Deer
80,Rose,Cavanagh,Friday, May 29, 9220,Weasel
81,Celia,Simmons,Saturday, May 11, 4971,Eastern indigo snake
82,Wade,Eastwood,Sunday, June 27, 4066,Buttermilk snake
83,Tony,Lloyd,Monday, July 10, 0750,Griffon vulture
84,Gina,Cameron,Tuesday, March 20, 4655,Brown pelican
85,Blake,Skinner,Monday, July 7, 5479,European shelduck
86,Faith,Wright,Sunday, July 9, 6750,Bison
87,Darlene,Asher,Wednesday, December 31, 3383,Crab
88,Liliana,Walker,Sunday, February 11, 9663,Eastern cottontail rabbit
89,Erick,Snell,Tuesday, March 22, 3588,Gorilla
90,Aiden,Steer,Wednesday, May 11, 4338,Indian jackal
91,Erick,Hardwick,Thursday, February 15, 9951,Eastern indigo snake
92,Nathan,Shields,Thursday, July 8, 5694,Komodo Dragon
93,Jennifer,Miller,Tuesday, March 26, 9433,Field flicker
94,Melody,Truscott,Wednesday, March 30, 9938,Blue catfish
95,David,Emerson,Monday, November 24, 2319,Buttermilk snake
96,Rhea,Faulkner,Sunday, June 18, 9634,Cereopsis goose
97,Alexander,Clarke,Wednesday, March 21, 6384,African elephant
98,John,Niles,Monday, May 3, 7790,Egyptian goose
99,Tyson,Chadwick,Monday, January 14, 6543,FireFly
100,Nathan,Shelton,Thursday, July 14, 7081,Duck
101,Doug,Verdon,Monday, May 19, 2464,Eurasian hoopoe
102,Sharon,Ingram,Tuesday, October 12, 3875,Dusky gull
103,Roger,Palmer,Friday, April 8, 7910,Brown lemur
104,Chad,Camden,Saturday, October 18, 7862,King vulture
105,Ramon,Edler,Tuesday, January 3, 0445,Cereopsis goose
106,Harry,Rees,Sunday, November 8, 2944,Kaffir cat
107,Kieth,Carter,Friday, June 22, 2496,Grizzly bear
108,Hazel,Owen,Monday, March 10, 9552,Possum
109,Hayden,Atkinson,Sunday, November 22, 2246,Arctic fox
110,Joyce,Cunningham,Thursday, November 29, 1979,Dassie
111,Estrella,Wilkinson,Sunday, November 20, 0963,Vampire Bat
112,Daniel,Whitmore,Wednesday, December 10, 4110,Buttermilk snake
113,Logan,Benson,Friday, April 26, 6211,African lion
114,Enoch,Cameron,Sunday, June 6, 6421,Gila monster
115,Doug,Redwood,Monday, July 31, 3256,Gorilla
116,Julius,Nash,Thursday, January 31, 6752,Glossy ibis
117,Benjamin,Dobson,Saturday, September 23, 1313,Kudu
118,Margaret,Squire,Saturday, March 11, 0958,Vulture
119,Hannah,Rodwell,Monday, January 6, 2719,California sea lion
120,Taylor,Gonzales,Tuesday, January 29, 8588,Dusky rattlesnake
121,Jayden,Dickson,Tuesday, July 7, 9401,Field flicker
122,Bryce,Rogers,Tuesday, December 16, 4453,Bushbuck
123,Kieth,Saunders,Monday, May 24, 8573,Ladybug
124,Emma,Rose,Wednesday, May 16, 9770,Galapagos albatross
125,Brad,Poole,Monday, March 8, 8404,Indian leopard
126,Denny,Baxter,Monday, May 16, 4901,Badger
127,Nicholas,Purvis,Sunday, March 19, 8676,European badger
128,Barry,Slater,Wednesday, February 9, 2478,Gambels quail
129,Juliette,Richards,Sunday, November 23, 6859,Eurasian beaver
130,Emmanuelle,Gaynor,Thursday, January 29, 3074,Boar
131,Bernadette,Bell,Sunday, October 20, 4295,Japanese macaque
132,Liliana,Oswald,Monday, April 17, 9916,Fox
133,Melania,Moss,Friday, September 9, 4535,Wombat
134,Mandy,Hudson,Saturday, February 8, 5670,Eastern quoll
135,Marla,Evans,Tuesday, November 18, 3006,Caracal
136,Estrella,Ellis,Tuesday, August 10, 4190,Seal
137,Rick,Grady,Tuesday, June 19, 1021,Common wolf
138,Joseph,Franks,Monday, August 23, 3204,Eurasian beaver
139,Jules,Allwood,Tuesday, June 19, 0085,Collared peccary
140,Destiny,Lakey,Wednesday, February 24, 6151,Indian giant squirrel
141,Enoch,Khan,Friday, September 9, 6327,Dama wallaby
142,Celia,Cassidy,Sunday, February 22, 7181,Desert tortoise
143,Davina,Rogers,Thursday, April 8, 3621,Gray heron
144,John,Jarrett,Sunday, May 24, 7159,Weasel
145,Harry,Selby,Wednesday, January 5, 6135,Cape raven
146,Peyton,Tindall,Thursday, February 2, 8288,Greater flamingo
147,Celia,Wright,Thursday, January 21, 6315,Hippopotamus
148,Dasha,Woodley,Sunday, December 28, 8003,Black-footed ferret
149,Rosalee,Saunders,Friday, August 12, 6253,Common shelduck
150,Mona,Armstrong,Thursday, January 14, 2208,Galapagos tortoise
151,Rosemary,Antcliff,Saturday, October 19, 0295,Antelope
152,Daron,Bryant,Thursday, February 23, 4558,Wolverine
153,Chris,Rigg,Friday, April 13, 5990,Harrie
154,Rebecca,Hobbs,Wednesday, August 27, 3242,Galapagos hawk
155,Ema,Chadwick,Tuesday, October 21, 4600,Polar Bear
156,Havana,Thornton,Wednesday, February 23, 4281,Brazilian tapir
157,Boris,Olivier,Friday, February 19, 8483,Carpet python
158,Sara,Clarke,Friday, May 26, 9561,Dog
159,Chad,Ventura,Sunday, September 7, 2160,Baboon
160,Matt,Sloan,Tuesday, January 24, 0862,Common zebra
161,Camden,Phillips,Thursday, January 27, 9566,Brown hyena
162,Rita,Rainford,Thursday, January 25, 6796,Turkey
163,Elijah,Brooks,Wednesday, November 23, 6259,Helmeted guinea fowl
164,Evelynn,Blackwall,Sunday, September 19, 0894,Badger
165,Anabel,Seymour,Saturday, April 20, 6272,Cheetah
166,Mackenzie,Gordon,Saturday, July 24, 8280,Boar
167,Anthony,Graham,Tuesday, June 23, 3091,Hottentot teal
168,Adela,Taylor,Tuesday, July 5, 8196,Fork-tailed drongo
169,Nate,Fox,Sunday, May 2, 0393,Herring gull
170,John,Jenkins,Wednesday, January 13, 2500,Shirmp
171,Lucas,Upton,Wednesday, April 9, 4702,Red Panda
172,Rufus,Thorne,Saturday, June 18, 2929,Indian jackal
173,Ryan,Carter,Saturday, November 21, 4753,Antelope
174,Taylor,Irwin,Wednesday, July 9, 0166,Somali
175,Holly,Allwood,Saturday, April 24, 3300,Bushpig
176,Lana,Marshall,Wednesday, March 30, 5622,Cattle egret
177,Boris,Ryan,Friday, December 13, 1901,Koala
178,Mark,Gallacher,Tuesday, September 23, 8521,Lion
179,Mara,Mullins,Saturday, July 15, 9978,Hottentot teal
180,Michelle,Parker,Monday, July 12, 3283,Harrie
181,Lucy,Brock,Thursday, September 20, 0379,Ant
182,Jack,Powell,Thursday, August 6, 6093,Indian porcupine
183,Abdul,Uddin,Friday, August 22, 2803,Worm
184,Daniel,Harrison,Thursday, July 6, 8519,Gambels quail
185,Carl,Clayton,Sunday, November 10, 1748,Ladybug
186,Michaela,Forester,Tuesday, June 1, 6106,Chital
187,Leroy,Vangness,Sunday, August 26, 5787,Lion
188,Courtney,Vollans,Sunday, April 13, 8092,Bobcat
189,Elena,Parsons,Friday, June 30, 1499,European beaver
190,Doug,Rust,Monday, July 20, 9096,Gaur
191,Emma,Wilde,Wednesday, August 3, 8563,Chestnut weaver
192,Tania,Wilde,Friday, August 28, 7503,Dassie
193,Rosa,Ianson,Wednesday, February 18, 7604,Black rhinoceros
194,Jamie,Ross,Friday, February 1, 6036,Lion
195,Mason,Page ,Monday, March 21, 5611,Carmine bee-eater
196,Tony,Preston,Monday, June 29, 4454,Comb duck
197,Aileen,Marshall,Friday, August 13, 8500,Ant
198,Rick,Parsons,Friday, October 18, 5596,Black-tailed deer
199,Chester,Ebden,Saturday, January 30, 7779,Komodo Dragon
200,Jayden,Simpson,Wednesday, December 1, 3813,Fringe-eared oryx
201,Harry,Blythe,Sunday, May 27, 8306,Horned rattlesnake
202,Celia,Lloyd,Friday, August 12, 9368,Sea Elephant
203,Ron,Eyres,Monday, October 29, 3179,Hanuman langur
204,Matt,Mann,Monday, October 10, 4985,Cape Barren goose
205,Britney,Chappell,Tuesday, November 12, 2689,Great egret
206,Rosemary,Gallacher,Sunday, June 27, 8021,Brown capuchin
207,Fred,Upsdell,Friday, July 1, 6157,Hottentot teal
208,Bob,Hamilton,Thursday, November 19, 7007,Emerald green tree boa
209,Ryan,Oatway,Sunday, February 14, 8077,European red squirrel
210,Mark,Faulkner,Friday, November 17, 5775,squid
211,Mark,Walsh,Monday, August 27, 9049,Indian giant squirrel
212,Joseph,Bishop,Monday, September 3, 0227,Eastern white pelican
213,Lucy,Strong,Wednesday, December 9, 2618,Kori bustard
214,Matthew,Reading,Thursday, June 7, 8159,European badger
215,Chadwick,Leslie,Monday, May 17, 7666,Possum
216,Livia,Redwood,Sunday, March 6, 1836,Sea Lion
217,Phillip,Groves,Sunday, March 9, 6098,Egyptian vulture
218,Holly,Mitchell,Monday, July 25, 8304,American buffalo
219,Tony,Ianson,Sunday, February 22, 9643,Hippopotamus
220,Erica,Glass,Wednesday, August 8, 5359,Swan
221,Javier,Brett,Tuesday, April 4, 7206,Huron
222,Manuel,Vass,Monday, July 16, 0925,Galapagos penguin
223,Lillian,Anderson,Thursday, December 28, 7043,Common zebra
224,Sebastian,Norton,Friday, July 5, 0346,Common ringtail
225,Bryon,Alexander,Thursday, November 24, 7938,European shelduck
226,Jackeline,Rowan,Wednesday, June 24, 9626,Eastern cottontail rabbit
227,Chad,Harper,Thursday, October 12, 9471,Kinkajou
228,Estrella,White,Tuesday, March 14, 9741,Herring gull
229,Kieth,Sloan,Saturday, February 21, 3080,Dusky gull
230,Boris,Tanner,Wednesday, July 24, 4954,Great horned owl
231,Norah,Windsor,Wednesday, June 14, 9533,Horse
232,Florence,Carter,Tuesday, August 9, 4912,Gorilla
233,Oliver,Tutton,Friday, March 27, 6308,Indian porcupine
234,Drew,Hewitt,Saturday, May 2, 4291,Common ringtail
235,Marvin,Donnelly,Friday, June 12, 8950,Cereopsis goose
236,Hope,Glass,Friday, September 20, 1652,Huron
237,Sebastian,Buckley,Saturday, February 4, 1865,Brown hyena
238,Rick,Fenton,Friday, August 2, 1501,Hottentot teal
239,Grace,Hunt,Saturday, August 5, 2000,Harbor seal
240,Samantha,Reid,Thursday, October 28, 9080,Bison
241,Boris,Fox,Saturday, September 28, 7850,Kaffir cat
242,Michael,Turner,Thursday, August 21, 6380,Fisher
243,Marissa,Woodley,Thursday, November 26, 5812,Kaffir cat
244,Angelica,Kelly,Thursday, October 3, 8948,Swan
245,Manuel,Nurton,Thursday, July 16, 0629,Japanese macaque
246,Doug,Warren,Friday, October 31, 4864,Albatross
247,Javier,Kidd,Saturday, June 21, 9749,Galapagos penguin
248,Isla,Hilton,Friday, July 26, 5213,Indian porcupine
249,Denis,Coll,Tuesday, August 15, 5234,Mouse
250,Moira,Tailor,Thursday, June 22, 7854,Bear
251,Michaela,Speed,Saturday, March 3, 9798,Buttermilk snake
252,Makena,Welsch,Saturday, September 1, 2964,Griffon vulture
253,Kassandra,Ingham,Friday, October 13, 8045,Harbor seal
254,John,Uttley,Thursday, January 5, 6136,Brown lemur
255,Carina,Walker,Sunday, July 6, 6104,Common wombat
256,Monica,Aldridge,Monday, February 9, 7418,Ferruginous hawk
257,Dalia,Nash,Saturday, February 19, 0620,Indian peacock
258,Christy,Smith,Sunday, October 25, 8443,Blue fox
259,Ronald,Thomson,Friday, April 20, 9714,Panda
260,Maddison,Whitmore,Monday, November 6, 5989,Lion
261,John,Sanchez,Tuesday, June 2, 7671,Dusky gull
262,Mandy,Lee,Sunday, May 9, 4793,Fork-tailed drongo
263,Matt,Jones,Friday, March 2, 7038,Bobcat
264,Roger,Healy,Friday, May 1, 2178,Kongoni
265,Kurt,Overson,Friday, August 8, 2087,Collared lizard
266,Sienna,Norton,Friday, June 14, 7185,Frilled dragon
267,Jolene,Irwin,Tuesday, February 27, 4057,Leopard
268,Peter,Crawford,Thursday, January 1, 5682,Greater flamingo
269,Alex,Furnell,Friday, June 26, 6731,Hippopotamus
270,Anthony,Raven,Thursday, April 27, 5302,Fringe-eared oryx
271,Marina,Watson,Tuesday, September 17, 7258,Desert tortoise
272,Josh,Holt,Friday, February 20, 2984,Cobra
273,Mabel,York,Monday, April 14, 7930,Fisher
274,Carol,Ranks,Friday, December 16, 8450,Gray duiker
275,Jane,Vaughan,Sunday, September 5, 2799,Herring gull
276,Chad,Brett,Friday, October 31, 0932,Butterfly
277,Makena,Flack,Saturday, December 4, 4128,American buffalo
278,Rae,Cavanagh,Monday, May 26, 2459,European red squirrel
279,Makenzie,Fall,Friday, June 6, 6594,Egyptian goose
280,Aeris,Parker,Tuesday, March 14, 6395,Alpaca
281,Kurt,Drummond,Thursday, March 28, 1472,Brown lemur
282,Matthew,Dunbar,Tuesday, December 31, 4644,Hottentot teal
283,Tyler,Hobbs,Friday, June 19, 3485,Cape fox
284,Emery,Skinner,Thursday, August 9, 1427,Black-tailed prairie dog
285,Angelina,Ralph,Saturday, November 12, 8422,Indian peacock
286,Evie,Yarlett,Saturday, September 4, 1943,Galapagos penguin
287,Denny,Stewart,Thursday, March 17, 2332,Common ringtail
288,Mara,Walsh,Friday, October 23, 2342,Dusky gull
289,Bart,Morris,Monday, November 23, 0454,Chital
290,Logan,Squire,Thursday, July 27, 1065,Egyptian goose
291,Esmeralda,Ramsey,Sunday, March 23, 1902,Ferruginous hawk
292,Payton,Vallory,Sunday, August 4, 7444,wasp
293,Ronald,Mann,Monday, May 26, 6279,Galapagos penguin
294,Aurelia,Olivier,Tuesday, September 28, 7773,Harrie
295,Rowan,Dixon,Wednesday, May 29, 8813,Albatross
296,Aeris,Slater,Monday, July 12, 3334,Horse
297,Roger,Flynn,Sunday, August 4, 8982,Kelp gull
298,Henry,Goodman,Sunday, December 1, 1602,Frilled lizard
299,Zoe,Simpson,Monday, August 17, 2505,Leopard
300,Ema,Richards,Monday, March 28, 0433,Feral rock pigeon
301,Sebastian,Giles,Thursday, April 29, 3260,Black spider monkey
302,Benny,Gordon,Saturday, September 6, 0825,Monkey
303,Piper,Abbey,Sunday, August 1, 0855,Bush dog
304,Marvin,Cork,Sunday, June 13, 7024,Blue shark
305,Russel,Hunter,Thursday, May 28, 3440,Kori bustard
306,Denis,Bentley,Sunday, November 4, 7296,European shelduck
307,Daron,Stone ,Monday, September 19, 2563,Glossy ibis
308,Martin,Coates,Sunday, October 17, 5638,Blue wildebeest
309,Bart,Freeburn,Saturday, September 4, 0247,Brown capuchin
310,Elena,Crawford,Wednesday, October 23, 4374,Zebu
311,David,Talbot,Friday, September 8, 7561,Dromedary camel
312,Nate,Butler,Saturday, March 28, 9389,Swan
313,Marvin,Jones,Wednesday, November 21, 8801,Komodo Dragon
314,Mandy,Kent,Wednesday, November 13, 2357,Eastern quoll
315,Hadley,Reading,Friday, December 13, 5574,Eurasian hoopoe
316,Paige,Graves,Tuesday, January 17, 6711,Monkey
317,Chanelle,Taylor,Monday, June 30, 7321,Great white pelican
318,Tyler,Noach,Wednesday, August 8, 5060,Vulture
319,Nathan,Plant,Tuesday, October 25, 6095,Penguin
320,Eduardo,Umney,Wednesday, July 1, 0753,Common ringtail
321,Christine,Rowe,Tuesday, October 2, 5449,Javanese cormorant
322,Lillian,Moore,Thursday, November 15, 0435,Fat-tailed dunnart
323,Julius,Connor,Tuesday, August 15, 5589,Worm
324,Emma,Stanton,Friday, September 19, 0684,Burrowing owl
325,Holly,Andrews,Monday, September 4, 0209,Chestnut weaver
326,Eden,Verdon,Wednesday, July 10, 7213,Great cormorant
327,Lily,Baker,Tuesday, August 4, 1108,American buffalo
328,Julius,Plant,Tuesday, February 28, 0722,Gray rhea
329,Chadwick,Mills,Monday, October 24, 0388,Hippopotamus
330,Domenic,Simpson,Tuesday, November 4, 8166,Weasel
331,Adalie,Bryson,Tuesday, September 28, 3819,Baboon
332,Rocco,James,Tuesday, December 5, 2952,Crested barbet
333,Tyler,Morgan,Tuesday, October 27, 8172,Donkey
334,Aiden,Windsor,Friday, October 27, 7854,Common seal
335,Mackenzie,Bryant,Monday, September 8, 1169,Horned rattlesnake
336,Johnny,Wilkinson,Sunday, November 20, 1092,Hottentot teal
337,Elena,Rehman,Monday, July 2, 0818,Hippopotamus
338,Vanessa,Fowler,Wednesday, September 26, 4604,Red Panda
339,Camellia,Ross,Wednesday, May 8, 8813,JellyFish
340,Harry,Tyrrell,Sunday, August 24, 7017,Emu
341,Freya,Noon,Thursday, October 18, 6384,Sparrow
342,Sadie,Chapman,Sunday, February 26, 3578,Eastern diamondback rattlesnake
343,Belinda,Mould,Tuesday, November 3, 8989,Indian tree pie
344,Hayden,Power,Thursday, February 19, 0956,Hottentot teal
345,Regina,Emmett,Monday, December 5, 8129,Common duiker
346,Leilani,Cooper,Friday, February 17, 4536,Galah
347,Julius,Andrews,Tuesday, September 20, 6022,Wolverine
348,Liliana,Dale,Tuesday, April 13, 3143,Black rhinoceros
349,Mackenzie,Sylvester,Saturday, February 22, 3073,Hanuman langur
350,Camden,Addis,Saturday, August 13, 1949,Horned rattlesnake
351,Rose,Hunt,Monday, May 4, 5761,Dusky gull
352,Bob,Furnell,Tuesday, April 21, 4325,Greater flamingo
353,Caleb,Flynn,Monday, August 15, 0005,Indian giant squirrel
354,Aileen,Thompson,Wednesday, April 12, 5167,Indian porcupine
355,Shelby,Walsh,Sunday, March 11, 8485,Common duiker
356,Owen,Maxwell,Sunday, April 14, 0993,Brazilian tapir
357,Hank,Chappell,Wednesday, July 12, 9893,Eurasian red squirrel
358,Jacqueline,Pierce,Tuesday, November 13, 6868,Penguin
359,Gladys,Shaw,Monday, July 11, 0355,Great kiskadee
360,Priscilla,Burnley,Sunday, April 26, 5711,American buffalo
361,Rowan,Nash,Friday, July 2, 5971,Javan gold-spotted mongoose
362,Eduardo,Bell,Wednesday, May 8, 5039,Common dolphin
363,Luke,Partridge,Sunday, June 23, 0222,Hanuman langur
364,Monica,Waterhouse,Tuesday, October 27, 6082,Zebu
365,Dalia,Stuart,Friday, May 15, 8674,Antelope
366,Kassandra,London,Tuesday, October 23, 7060,Bushbuck
367,Cristal,Varndell,Saturday, March 10, 1088,Swan
368,Chuck,Lindsay,Saturday, February 7, 6071,Griffon vulture
369,Doug,Callan,Monday, August 11, 2842,Bison
370,Jules,Chester,Thursday, July 19, 6288,Eastern fox squirrel
371,Sabina,Exton,Monday, October 20, 3428,Great cormorant
372,Aleksandra,Simpson,Saturday, April 18, 8708,Indian peacock
373,Wade,Curtis,Tuesday, May 24, 3707,Egyptian vulture
374,Tyson,Robertson,Saturday, April 25, 5170,Harbor seal
375,Evelynn,Waterhouse,Wednesday, November 2, 7059,Bobcat
376,Parker,Amstead,Friday, July 22, 2349,Cape raven
377,Cara,Michael,Tuesday, September 2, 4797,Galapagos tortoise
378,Morgan,Greenwood,Sunday, May 12, 6041,Polar Bear
379,Kieth,Ross,Saturday, May 2, 9344,Bobcat
380,Nathan,Taylor,Wednesday, September 3, 9304,Caribou
381,Chuck,Murphy,Wednesday, June 20, 7742,Turkey
382,Katelyn,Roman,Monday, February 22, 4049,Jaguarundi
383,Shelby,Upton,Wednesday, October 21, 4967,Monkey
384,Rachael,Gates,Monday, August 5, 1839,Eastern boa constrictor
385,Ethan,Tobin,Saturday, July 18, 3389,Carpet python
386,Sasha,Zaoui,Thursday, September 21, 7139,Komodo Dragon
387,Luke,Thornton,Monday, January 2, 9060,Ibex
388,Nicholas,Oldfield,Tuesday, February 28, 7623,Eastern white pelican
389,Claire,Morrow,Thursday, February 25, 7971,Hottentot teal
390,Carl,Foxley,Wednesday, December 24, 8042,Ferret
391,Enoch,Overson,Tuesday, April 3, 2125,Cheetah
392,Adalind,Norburn,Sunday, February 23, 5653,Ant
393,Alan,Phillips,Friday, May 5, 8800,Common wolf
394,Sara,Stevens,Friday, May 7, 8647,King cormorant
395,Doug,Fenton,Tuesday, September 22, 4809,Wolverine
396,Bryon,Brett,Sunday, June 14, 5407,Eagle owl
397,Madelyn,Hall,Tuesday, July 30, 5247,European red squirrel
398,Louise,Upsdell,Sunday, August 1, 1717,Galapagos hawk
399,Doris,Taylor,Wednesday, January 17, 7123,Calf
400,Marina,Addison,Sunday, September 30, 6232,Duck
401,Rosemary,James,Friday, October 5, 6812,Cattle egret
402,Teagan,King,Thursday, October 2, 8594,Alpaca
403,Daniel,Kent,Saturday, August 18, 5855,Euro wallaby
404,Enoch,Irving,Friday, September 13, 2205,Indian jackal
405,Goldie,Addley,Friday, May 26, 6879,Glossy ibis
406,Denny,Nicolas,Friday, January 27, 9128,Eagle owl
407,Lucas,Jobson,Sunday, September 13, 2133,Hoary marmot
408,Roger,Collins,Saturday, April 17, 0590,Carmine bee-eater
409,Owen,Parker,Friday, July 4, 6577,Giant armadillo
410,Zara,Griffiths,Sunday, September 9, 0001,Indian porcupine
411,Manuel,Rehman,Saturday, February 5, 9583,Eastern boa constrictor
412,Hayden,Greenwood,Wednesday, November 1, 7730,European wild cat
413,Marvin,Khan,Friday, September 17, 3971,Crested porcupine
414,Nate,Ross,Saturday, May 27, 1043,Jungle kangaroo
415,Brad,Collins,Saturday, December 29, 2857,Armadillo
416,Clint,Whitmore,Saturday, December 15, 8840,Kudu
417,Hanna,Wilson,Wednesday, December 7, 0259,California sea lion
418,Maddison,Veale,Sunday, April 6, 3828,Dromedary camel
419,Anthony,Tait,Sunday, April 22, 1066,Antelope
420,Rhea,Ulyatt,Monday, June 6, 5312,Jabiru stork
421,Analise,Asher,Wednesday, November 8, 7786,Jungle cat
422,Chuck,Hobbs,Sunday, July 31, 1431,Giraffe
423,Miriam,Gray,Saturday, July 31, 1621,Wombat
424,Dorothy,Kirby,Wednesday, May 5, 0799,Emu
425,Penelope,Swan,Friday, August 14, 8285,Common green iguana
426,Chuck,Yard,Friday, July 13, 2706,Great kiskadee
427,Sarah,Olivier,Monday, January 20, 6577,Common dolphin
428,Cynthia,Bell,Monday, March 10, 5986,Flightless cormorant
429,Danny,Irving,Thursday, August 4, 4377,Albatross
430,Elijah,Gunn,Thursday, March 10, 5510,Deer
431,Chuck,Watson,Thursday, October 26, 6451,Red Panda
432,Nathan,Roscoe,Friday, November 18, 3594,Kiwi
433,Matt,Shelton,Friday, September 16, 7042,European badger
434,Keira,Mcgregor,Wednesday, June 19, 5320,Brazilian tapir
435,Janice,Saunders,Wednesday, July 5, 2744,Barking gecko
436,Chris,Owen,Friday, March 9, 1370,Fly
437,Alexander,Amstead,Thursday, October 4, 9787,Giant girdled lizard
438,Alexa,Rehman,Saturday, April 25, 5863,eagle
439,Shannon,Fox,Friday, May 15, 7626,Greater flamingo
440,Manuel,Mitchell,Wednesday, June 5, 4565,Eagle owl
441,Harvey,Rees,Thursday, September 11, 8064,Brown capuchin
442,Joyce,Warren,Wednesday, October 20, 2055,Gray duiker
443,Abbey,Wright,Friday, January 8, 9864,Great cormorant
444,Kimberly,Downing,Sunday, October 14, 9787,Common dolphin
445,Kate,Robe,Saturday, March 23, 8886,Lion
446,Anthony,Beal,Tuesday, January 20, 8589,Coyote
447,Matthew,Thompson,Friday, April 8, 0844,Galapagos sea lion
448,Harry,Reading,Monday, June 3, 2047,Downy woodpecker
449,Chuck,Middleton,Sunday, November 7, 5373,Penguin
450,Ethan,Rowan,Thursday, May 21, 5931,Helmeted guinea fowl
451,Noemi,Russell,Tuesday, March 13, 4435,Blue peacock
452,Vivian,Farrell,Wednesday, September 7, 6185,Cat
453,Fiona,Norton,Wednesday, May 6, 7711,Bat
454,Leah,Lowe,Thursday, January 27, 5977,Gerenuk
455,Jack,Ripley,Tuesday, May 5, 6589,Japanese macaque
456,Sienna,Thompson,Sunday, June 6, 7694,Gambels quail
457,Sebastian,Cox,Wednesday, March 7, 0210,Dromedary camel
458,Mike,Benfield,Friday, September 5, 4532,wasp
459,Benny,Daniells,Sunday, June 6, 7677,Galapagos tortoise
460,Sonya,Walker,Sunday, June 29, 1597,Herring gull
461,Dalia,Kelly,Tuesday, October 8, 2143,Komodo dragon
462,Anais,Andersson,Saturday, November 27, 0534,Wombat
463,Caleb,Rees,Wednesday, November 7, 5494,Jaguarundi
464,Aiden,Santos,Sunday, June 8, 7197,Harrie
465,Jack,Redden,Saturday, December 30, 4293,Canadian river otter
466,Bryon,Ashwell,Friday, October 17, 2634,Sheep
467,Owen,Drew,Friday, March 16, 3392,Golden jackal
468,Percy,Baxter,Monday, May 2, 0603,Bushbuck
469,Hayden,Alcroft,Wednesday, June 23, 8123,Groundhog
470,Erick,Dixon,Wednesday, May 19, 1638,Rat
471,Rufus,Duvall,Tuesday, January 16, 5438,European spoonbill
472,Winnie,Jones,Wednesday, June 6, 5027,Common wombat
473,Eduardo,Booth,Sunday, May 31, 4522,Black-capped chickadee
474,Clint,Allcott,Friday, February 1, 4002,Eurasian red squirrel
475,Tony,Lane,Thursday, October 24, 6605,Duck
476,Matt,Lowe,Tuesday, October 9, 5534,Herring gull
477,Caleb,Ianson,Monday, April 25, 0129,Crested porcupine
478,Madelyn,Robinson,Friday, August 13, 9773,Calf
479,Stacy,Hood,Tuesday, March 29, 9166,Fairy penguin
480,Percy,Milner,Monday, October 23, 7871,Cape fox
481,Marilyn,Jones,Friday, March 4, 6957,Galapagos tortoise
482,Elijah,Dyson,Sunday, April 21, 5726,Penguin
483,Ethan,Shaw,Friday, May 8, 5040,Indian mynah
484,Kendra,Richardson,Monday, June 11, 6610,European beaver
485,Enoch,Swan,Monday, September 16, 3219,Black-tailed prairie dog
486,Noemi,Welsch,Sunday, April 13, 5045,Jungle cat
487,Raquel,Owen,Saturday, September 5, 1474,Bison
488,Anthony,Overson,Saturday, September 25, 2928,Eastern diamondback rattlesnake
489,Michael,Rixon,Tuesday, December 3, 4937,Indian leopard
490,Eryn,Mccormick,Sunday, November 9, 9445,Butterfly
491,Bernadette,Ralph,Friday, April 28, 2367,Four-horned antelope
492,George,Yates,Sunday, June 4, 2451,Brown pelican
493,Domenic,Greenwood,Wednesday, May 6, 7643,wasp
494,Lexi,Nash,Saturday, October 1, 6208,Seal
495,Rosa,Roberts,Sunday, April 19, 6043,Caracal
496,Ronald,Kelly,Monday, April 22, 1371,Hamster
497,Sofie,Crawford,Tuesday, March 13, 8987,Jungle cat
498,Cassandra,Ross,Tuesday, October 17, 3245,Jabiru stork
499,John,Clayton,Monday, April 23, 7781,Possum
500,Payton,Jobson,Monday, July 8, 9811,Field flicker
501,Zara,Matthews,Friday, August 18, 5505,Canada goose
502,Gabriel,Veale,Monday, August 31, 5057,Burrowing owl
503,Michael,Yarlett,Friday, September 24, 2743,European wild cat
504,Sydney,Silva,Monday, November 3, 4110,Emerald green tree boa
505,Rocco,Upsdell,Tuesday, September 4, 3979,Fly
506,Lara,Nash,Monday, November 4, 2707,Eastern fox squirrel
507,Ada,Mackenzie,Saturday, September 2, 5589,Collared peccary
508,Rosa,Richardson,Monday, August 14, 6378,Cobra
509,Britney,Clifford,Tuesday, November 21, 9065,Galapagos tortoise
510,Chris,Cox,Tuesday, May 5, 5874,Indian peacock
511,Abdul,Knott,Tuesday, December 17, 5297,Donkey
512,Kate,Jordan,Thursday, June 6, 5416,Hanuman langur
513,Nancy,Farrow,Sunday, December 30, 0035,Eastern grey kangaroo
514,Lillian,Anderson,Sunday, April 1, 6204,Blue peacock
515,Nick,Norton,Sunday, December 16, 6266,Gambels quail
516,Monica,Boyle,Wednesday, August 17, 5904,Hanuman langur
517,Chris,Harvey,Thursday, August 9, 3579,Giant girdled lizard
518,Eduardo,Rixon,Wednesday, February 13, 2374,European badger
519,Mary,Sinclair,Wednesday, April 20, 6692,Galapagos penguin
520,Sasha,Weatcroft,Saturday, November 22, 9203,eagle
521,Dakota,Lewis,Saturday, March 26, 8450,Chicken
522,Emery,Lewin,Wednesday, May 2, 3212,Brown capuchin
523,Deborah,Jobson,Thursday, September 6, 8136,Egyptian goose
524,Wade,Isaac,Wednesday, January 15, 3564,Eastern cottontail rabbit
525,Marvin,Parr,Sunday, December 28, 2498,Avocet
526,Adalind,Egerton,Thursday, August 9, 7810,Sea Lion
527,Alexander,Parr,Sunday, May 31, 8601,Elephant
528,Rufus,Groves,Wednesday, January 16, 1365,Common genet
529,Cedrick,Franks,Saturday, October 28, 5026,Common dolphin
530,Lillian,Niles,Sunday, September 10, 9133,Barking gecko
531,William,Shea,Wednesday, February 5, 5197,Eagle owl
532,Ronald,Chester,Wednesday, March 13, 1444,Wolf
533,Shelby,Thomson,Saturday, March 1, 9862,Cape fox
534,Aisha,Hale,Wednesday, November 24, 8088,Leopard
535,Vera,Reyes,Sunday, September 29, 6616,Canadian river otter
536,Benjamin,Gaynor,Monday, December 27, 4517,Glossy ibis
537,Vicky,John,Thursday, February 2, 1336,Galapagos dove
538,Kenzie,Matthews,Thursday, January 8, 1570,Ferruginous hawk
539,Juliette,James,Thursday, February 17, 5656,Fairy penguin
540,Lucas,Wood,Sunday, February 9, 9936,Great white pelican
541,Ronald,Page ,Tuesday, May 22, 2085,Javanese cormorant
542,Livia,Stuart,Thursday, April 17, 4386,Bushpig
543,Owen,Evans,Thursday, February 12, 1401,Arctic fox
544,Mina,Exton,Thursday, January 17, 4718,Eastern quoll
545,Ryan,Trent,Wednesday, April 7, 2286,Common wolf
546,Josh,Hunter,Sunday, May 21, 3223,Egyptian viper
547,Ember,Upton,Sunday, April 6, 3575,Gaur
548,Marina,Tutton,Tuesday, August 30, 3492,Kinkajou
549,Mason,Griffiths,Friday, June 24, 1205,Giraffe
550,Daron,Yoman,Tuesday, October 15, 3737,Common seal
551,Elisabeth,Skinner,Thursday, September 5, 2639,Carpet python
552,Allison,Richardson,Wednesday, January 13, 5655,Hawk-headed parrot
553,Alexa,Mcgee,Thursday, May 3, 0723,Black-tailed prairie dog
554,Clint,Tindall,Saturday, November 12, 3092,Chipmunk
555,Courtney,Shepherd,Thursday, November 1, 9883,Kiwi
556,Destiny,Tobin,Saturday, October 26, 3005,Cape wild cat
557,Julian,Norris,Thursday, September 4, 4453,Golden jackal
558,Gina,Lindop,Sunday, February 22, 0229,Dodo
559,Lara,Ainsworth,Friday, October 20, 7561,Common wombat
560,Tyler,Higgs,Sunday, August 8, 1137,Penguin
561,William,Crawley,Friday, November 17, 9876,Eagle owl
562,Mason,Knight,Thursday, April 17, 8521,Cobra
563,Thea,Mcgregor,Saturday, February 19, 5385,Jaguarundi
564,Russel,Price,Saturday, July 12, 4719,Great cormorant
565,Gina,Giles,Sunday, February 4, 5680,Fork-tailed drongo
566,Rufus,Kaur,Thursday, April 26, 7151,Hoary marmot
567,Kieth,Baldwin,Sunday, April 5, 9485,Hamster
568,Tyson,Ward,Thursday, June 23, 1110,Horned rattlesnake
569,Bart,Niles,Wednesday, January 1, 6730,Egyptian vulture
570,Caleb,Clarke,Wednesday, August 2, 7961,Sea Elephant
571,George,Alexander,Wednesday, October 4, 9437,California sea lion
572,Camden,Stubbs,Wednesday, October 8, 2149,Eastern indigo snake
573,Hope,Moore,Thursday, September 22, 5081,Jungle cat
574,Ryan,Davies,Monday, September 24, 7545,Goliath heron
575,Enoch,Hamilton,Friday, December 13, 4593,Common genet
576,Gil,Scott,Thursday, January 6, 1453,Sparrow
577,Samantha,Uttley,Sunday, January 3, 3492,Egyptian goose
578,Enoch,Umney,Sunday, March 11, 0249,Fork-tailed drongo
579,Ronald,Mccall,Tuesday, August 7, 4762,Giant anteater
580,Julian,Harper,Saturday, November 24, 6981,Herring gull
581,Alexa,Cox,Sunday, January 11, 7389,Chacma baboon
582,Jacqueline,Lewis,Saturday, January 15, 1448,Common pheasant
583,Mike,Dillon,Sunday, January 6, 8193,eagle
584,John,Stevenson,Sunday, April 2, 1511,African lion
585,Teagan,Rycroft,Sunday, October 22, 8479,Mouse
586,Ilona,Ellery,Sunday, May 31, 8167,Golden jackal
587,Matthew,Hall,Friday, August 22, 5902,Chicken
588,Julian,Lane,Wednesday, January 7, 8320,Brown lemur
589,Remy,Nelson,Friday, August 11, 3595,Four-horned antelope
590,Emma,Eyres,Saturday, February 25, 0406,Avocet
591,Logan,Clarkson,Saturday, May 28, 1859,Sea Lion
592,Marvin,Pond,Tuesday, October 10, 8243,Indian tree pie
593,Camila,Ramsey,Tuesday, May 16, 4902,Leopard
594,Rufus,Leigh,Friday, April 21, 6654,Jabiru stork
595,Penelope,Woodley,Thursday, February 25, 2793,Wombat
596,Rihanna,Cox,Tuesday, July 3, 8446,Egyptian vulture
597,Jane,Radcliffe,Tuesday, April 2, 8176,Carmine bee-eater
598,Noah,Horton,Thursday, November 4, 0275,Canadian river otter
599,Percy,Hepburn,Tuesday, December 1, 0454,Cheetah
600,Lucas,Carter,Wednesday, August 15, 7877,Blue peacock
601,Chadwick,Woodley,Wednesday, October 29, 5851,Eastern boa constrictor
602,Camellia,Wilton,Monday, July 22, 5647,European red squirrel
603,Carter,Evans,Friday, February 6, 2561,Frilled dragon
604,Chuck,Redden,Friday, March 17, 2558,Lemur
605,Leanne,Power,Tuesday, April 10, 9274,Golden eagle
606,Bart,Allen,Monday, November 22, 0083,Black-footed ferret
607,Chad,Clarkson,Thursday, June 29, 2180,Indian jackal
608,Bob,Morrow,Monday, February 23, 7215,Bison
609,Jacob,Ingram,Sunday, September 3, 8778,Eurasian red squirrel
610,Jack,Miller,Saturday, January 4, 4994,African lion
611,Miley,Hobson,Friday, November 30, 6868,Giant anteater
612,Christy,Nayler,Sunday, February 24, 1202,Chestnut weaver
613,Beatrice,Phillips,Wednesday, October 2, 6137,Huron
614,Jacob,Yarlett,Thursday, April 15, 8286,California sea lion
615,Stella,Holt,Thursday, November 12, 5891,Great kiskadee
616,Janelle,Robinson,Tuesday, November 27, 4249,Common green iguana
617,Hayden,Hammond,Monday, July 10, 2209,Antelope
618,Joy,Bailey,Tuesday, December 15, 9648,Blue catfish
619,Wade,Ebbs,Thursday, January 14, 0326,Cape wild cat
620,Elijah,Mitchell,Friday, January 4, 1495,Cheetah
621,Hayden,Needham,Monday, April 20, 8787,Horse
622,Ryan,Whatson,Sunday, February 10, 4030,Jabiru stork
623,Taylor,Morley,Tuesday, August 30, 6101,Dassie
624,Margaret,Vollans,Wednesday, August 27, 1423,FireFly
625,Kamila,Newman,Saturday, January 10, 6714,Bat
626,Bernadette,Bullock,Tuesday, February 14, 1302,Groundhog
627,Dani,Ianson,Friday, January 15, 8754,Glossy ibis
628,Denis,York,Friday, December 9, 4078,Giant heron
629,Aleksandra,Penn,Friday, September 7, 0153,Emu
630,Amelia,Cox,Thursday, December 2, 6624,Black-capped chickadee
631,Chuck,Allen,Saturday, June 15, 9669,Red Panda
632,Alma,Dunbar,Sunday, July 7, 1946,Dusky gull
633,Havana,Robe,Wednesday, May 25, 0850,Desert tortoise
634,Chris,Woods,Tuesday, May 9, 0378,Honey badger
635,Celia,Broomfield,Tuesday, November 10, 4291,Galapagos tortoise
636,Zara,Partridge,Sunday, October 28, 3860,Carpet python
637,Ember,Phillips,Wednesday, May 4, 3881,Horned lark
638,Samara,Holt,Tuesday, November 15, 3008,Cape cobra
639,Hank,Quinn,Monday, December 9, 8813,Common turkey
640,Isabel,Chappell,Sunday, August 29, 3480,Clown Fish
641,Evie,Santos,Sunday, June 30, 8069,European red squirrel
642,Denny,Speed,Saturday, September 15, 2300,Galah
643,Jasmine,Ellwood,Monday, April 16, 4559,Common seal
644,Ema,Asher,Wednesday, July 30, 8892,Monkey
645,Margot,Davies,Tuesday, August 17, 6371,Cheetah
646,Anais,Cavanagh,Sunday, August 20, 3465,Black spider monkey
647,Adalie,Evans,Friday, March 11, 2101,Raccoon
648,Mike,Veale,Saturday, October 28, 9443,Caribou
649,Leanne,Leigh,Thursday, July 2, 7361,Panda
650,Michael,Utterson,Wednesday, August 5, 8111,Eastern diamondback rattlesnake
651,Brad,Rowe,Saturday, November 26, 5504,Eurasian red squirrel
652,Sebastian,Russel,Wednesday, March 11, 5429,Hanuman langur
653,Chadwick,Hood,Thursday, September 17, 9643,Komodo Dragon
654,Carter,Campbell,Friday, March 19, 7452,Hippopotamus
655,Carrie,Forth,Sunday, November 9, 8206,Eastern cottontail rabbit
656,Sadie,Hunter,Monday, February 4, 7157,Field flicker
657,Chad,Saunders,Thursday, March 13, 8313,European shelduck
658,Harry,Heaton,Saturday, July 13, 2272,Snake
659,Noah,Ogilvy,Thursday, June 26, 1292,Kaffir cat
660,Carl,Gilmore,Monday, February 10, 7908,Indian leopard
661,Johnny,Vallins,Thursday, June 12, 1670,Herring gull
662,Evie,Lewis,Friday, May 24, 4058,Blue peacock
663,Tom,Potter,Tuesday, September 24, 5348,Eastern cottontail rabbit
664,David,Graham,Thursday, April 27, 8473,Horned lark
665,Rosalyn,Allington,Monday, February 7, 2580,Common wolf
666,Alexia,Oswald,Friday, February 17, 7245,Common dolphin
667,Alexander,Whinter,Saturday, May 11, 6086,Lion
668,Peyton,Redfern,Thursday, February 25, 1734,Chacma baboon
669,Kurt,Noon,Wednesday, January 7, 7604,Cormorant
670,Sloane,Forth,Monday, November 9, 9029,Golden jackal
671,Josh,Umney,Thursday, June 2, 5746,Seal
672,Ruth,Partridge,Wednesday, January 13, 8630,Giant anteater
673,Rachael,Taylor,Friday, April 29, 8861,Lemur
674,Henry,Burge,Wednesday, January 2, 9608,Horned rattlesnake
675,Harry,Maxwell,Monday, June 14, 7858,Eurasian red squirrel
676,Rylee,Farrell,Tuesday, June 4, 4582,Common ringtail
677,John,Fisher,Thursday, July 30, 9722,Vulture
678,Kirsten,Varndell,Monday, May 9, 3216,Helmeted guinea fowl
679,Camellia,Clifton,Friday, February 18, 3966,Horned rattlesnake
680,Javier,Turner,Friday, September 30, 3803,Fork-tailed drongo
681,Julia,Rixon,Wednesday, February 19, 9186,European spoonbill
682,Abbey,Irwin,Tuesday, September 11, 8300,Giant girdled lizard
683,Tyson,Palmer,Saturday, January 4, 9817,Panda
684,Benjamin,Broomfield,Monday, November 7, 4039,Catfish
685,Bryon,Alcroft,Monday, September 1, 2673,American buffalo
686,Enoch,Morrison,Saturday, September 30, 4209,Canadian river otter
687,Tyler,Lomax,Sunday, January 3, 0049,Dassie
688,Ronald,Dale,Wednesday, March 5, 0358,Great cormorant
689,Wade,Moreno,Friday, December 25, 8122,Horned lark
690,Meredith,Camden,Wednesday, September 24, 0741,Gila monster
691,Lucas,Yarlett,Monday, December 29, 8138,Horned puffin
692,Carter,Calderwood,Sunday, December 15, 8075,Dalmatian
693,Carmen,Ashley,Friday, January 12, 0085,Fork-tailed drongo
694,Matt,Brock,Wednesday, May 3, 6102,Chestnut weaver
695,Hayden,Edler,Monday, August 10, 1699,Kiwi
696,Shelby,Rixon,Wednesday, August 25, 7965,Cormorant
697,Hayden,Gray,Thursday, November 19, 0336,Eagle owl
698,Hadley,Bullock,Monday, September 17, 2553,Kori bustard
699,Clint,Quinton,Monday, May 27, 7461,Hippopotamus
700,Chad,Craig,Tuesday, April 5, 0044,Carmine bee-eater
701,Maia,Little,Thursday, August 12, 8010,Mouse
702,Shannon,Reading,Friday, February 12, 7773,Harbor seal
703,Bart,Cameron,Thursday, June 9, 1977,Brown pelican
704,Tom,Gregory,Monday, September 29, 3124,Galapagos dove
705,Mark,Carpenter,Wednesday, May 23, 9212,Cobra
706,Clint,Collins,Tuesday, November 2, 5937,Eurasian beaver
707,Wade,Quinn,Friday, March 3, 5076,Blue catfish
708,Liam,Utterson,Thursday, October 27, 5938,Burrowing owl
709,Chanelle,Knight,Monday, October 3, 7436,Collared lizard
710,Anthony,Willson,Tuesday, February 28, 1026,Indian jackal
711,Daria,Welsch,Tuesday, February 7, 8012,Fat-tailed dunnart
712,Kendra,Rothwell,Tuesday, September 1, 6916,Antelope
713,Nate,Rothwell,Thursday, January 30, 8251,Indian peacock
714,Noah,Isaac,Sunday, January 7, 4125,Butterfly
715,Adeline,Quinton,Friday, October 11, 3129,Cobra
716,Benny,Matthews,Thursday, October 30, 8741,Turkey
717,Rufus,Uttley,Friday, June 22, 8001,Groundhog
718,Samara,Walsh,Monday, August 5, 8841,Snake
719,Danny,Atkinson,Thursday, January 18, 7145,Dabchick
720,Carina,Randall,Saturday, September 25, 0286,Cape cobra
721,Elise,Roberts,Saturday, February 16, 1884,California sea lion
722,Marvin,Oatway,Thursday, January 10, 8267,Wombat
723,Ronald,Fisher,Friday, March 27, 8353,wasp
724,Harvey,Thorpe,Tuesday, January 5, 0247,Gray heron
725,Carter,Campbell,Saturday, June 30, 8762,Black-tailed prairie dog
726,Owen,Verdon,Tuesday, September 13, 1036,Blue duck
727,Maia,Cartwright,Saturday, September 11, 8832,Fringe-eared oryx
728,Mark,Clark,Friday, March 7, 3000,Bat
729,Chad,Devonport,Thursday, October 31, 7822,Owl
730,Jasmine,Mitchell,Sunday, September 22, 4250,Fairy penguin
731,Bryce,Stark,Saturday, June 16, 2379,Common zebra
732,Erick,Hastings,Tuesday, June 10, 2160,Blue catfish
733,Lexi,Asher,Sunday, February 7, 3751,Honey badger
734,Andie,Summers,Sunday, June 6, 9666,eagle
735,Tess,Latham,Thursday, August 8, 9585,Blue catfish
736,Ada,Norris,Friday, April 25, 0369,Blue catfish
737,Rosalee,Richardson,Thursday, January 7, 1430,Hippopotamus
738,Chris,Hall,Wednesday, October 7, 9085,Japanese macaque
739,Johnathan,Mills,Saturday, April 24, 7582,Jaguarundi
740,Grace,Wade,Saturday, January 13, 6120,Cheetah
741,Bob,Brett,Thursday, April 22, 4754,JellyFish
742,Martin,Tanner,Tuesday, September 3, 7811,Eastern white pelican
743,Evie,Khan,Friday, April 1, 6478,Collared lizard
744,Aiden,Stewart,Wednesday, September 29, 5723,Common shelduck
745,Jackeline,Morrow,Saturday, February 2, 0628,Common pheasant
746,Alma,Jennson,Thursday, November 2, 6473,Kori bustard
747,Morgan,Locke,Monday, February 13, 4271,Baboon
748,Martin,Eagle,Sunday, June 26, 7712,Calf
749,Nathan,Hastings,Thursday, September 11, 6256,Desert tortoise
750,Maddison,Roscoe,Monday, January 8, 8655,Fringe-eared oryx
751,Penny,Robe,Sunday, April 14, 1811,Javanese cormorant
752,Daron,Rees,Friday, April 26, 4424,Jungle kangaroo
753,Dorothy,Flanders,Sunday, January 11, 2714,Elephant
754,Charlotte,Roberts,Thursday, September 8, 3831,Impala
755,Hannah,Bailey,Friday, February 8, 6875,Common pheasant
756,Chadwick,Jones,Monday, April 14, 3727,Monkey
757,Gabriel,Warner,Saturday, September 19, 2268,Giraffe
758,Emerald,Blackwall,Saturday, August 5, 6254,Lion
759,Aiden,Cameron,Thursday, March 27, 9749,Antelope
760,Hazel,Ballard,Saturday, September 23, 5589,Ladybug
761,Candace,Yoman,Saturday, February 6, 3294,Wolverine
762,Gil,Flack,Thursday, March 26, 4454,Cape fox
763,Manuel,Cowan,Friday, February 28, 6059,Four-horned antelope
764,Carla,Lewis,Thursday, October 3, 1365,Chicken
765,Benny,Ashwell,Sunday, December 24, 2034,Blue shark
766,Tony,Knight,Monday, November 9, 6635,Giant girdled lizard
767,Henry,Moreno,Sunday, January 22, 4604,Ant
768,Ilona,Clark,Wednesday, December 2, 7046,Caracal
769,Liam,Allwood,Monday, February 10, 6566,Eurasian red squirrel
770,Marilyn,Dyson,Tuesday, December 22, 0116,Seal
771,Agnes,Vane,Thursday, March 31, 5295,Armadillo
772,Alison,Benfield,Tuesday, August 2, 6163,Gray duiker
773,Manuel,Rigg,Tuesday, September 2, 3879,Coyote
774,Chad,Wallace,Friday, June 29, 6063,Toucan
775,Nicholas,Pearce,Wednesday, November 17, 9954,Red Panda
776,Julian,Vincent,Thursday, May 14, 2071,Ferret
777,Tyler,Stewart,Friday, April 21, 5437,Euro wallaby
778,Barney,Mcgee,Saturday, October 28, 8941,squid
779,Wendy,Brown,Sunday, August 23, 8657,Desert spiny lizard
780,Mason,Roth,Friday, June 25, 5080,Giant armadillo
781,Alice,Chapman,Thursday, January 14, 1712,Great horned owl
782,Sebastian,Grady,Friday, February 9, 2424,Komodo dragon
783,Adalie,Forth,Monday, January 20, 0797,Dabchick
784,Martin,Roberts,Friday, September 15, 2693,wasp
785,Nate,White,Friday, April 23, 5390,Cormorant
786,Maxwell,Clark,Monday, July 5, 6371,Fat-tailed dunnart
787,Nina,Edley,Friday, July 17, 0037,Mouse
788,Naomi,Shelton,Tuesday, February 13, 4790,eagle
789,Hayden,Harrison,Wednesday, September 26, 9551,Golden eagle
790,Nathan,Underhill,Sunday, December 4, 3340,Indian jackal
791,Manuel,Collingwood,Friday, September 3, 6883,Common pheasant
792,Gladys,Woodcock,Wednesday, February 10, 3717,Rat
793,Peter,Alexander,Tuesday, November 24, 6589,Bobcat
794,Aiden,Simpson,Thursday, April 4, 3258,Dabchick
795,Angelica,Bradley,Wednesday, June 29, 5510,Deer
796,Rick,Eddison,Saturday, March 21, 2663,Horned puffin
797,Megan,Vinton,Monday, April 7, 7502,Fossa
798,Kurt,Foxley,Thursday, August 13, 5981,Gray heron
799,Camden,Uttridge,Friday, September 30, 1222,Scorpion
800,Rihanna,Cox,Monday, August 6, 3545,Blue duck
801,Chester,Parr,Saturday, March 9, 3393,Hanuman langur
802,Rufus,Matthews,Thursday, June 22, 0006,Fat-tailed dunnart
803,Quinn,Stone,Tuesday, November 16, 9154,Blue-tongued lizard
804,Martin,Lomax,Thursday, October 26, 8158,Horned rattlesnake
805,Domenic,Higgs,Monday, July 17, 2930,Kiwi
806,Bart,Allington,Sunday, July 27, 2684,Cobra
807,Jocelyn,Graves,Monday, December 23, 7968,Giant armadillo
808,Carter,Wilkinson,Saturday, February 6, 8704,Gerenuk
809,Remy,Rodgers,Tuesday, August 29, 1189,squid
810,Paula,Windsor,Sunday, September 23, 5855,Sparrow
811,Daniel,Rose,Wednesday, November 4, 6065,Dalmatian
812,Cassandra,Wright,Tuesday, December 28, 9943,Panda
813,Hank,Irwin,Friday, March 26, 2066,African lion
814,Anabel,Edmonds,Saturday, July 3, 1813,Swan
815,Tyson,Keys,Tuesday, April 5, 1295,Blue wildebeest
816,Chuck,Gardner,Sunday, July 5, 0815,Komodo Dragon
817,Clint,Redfern,Friday, February 20, 1052,Mouse
818,Nathan,James,Sunday, May 3, 6342,Wolf
819,Danielle,Hill,Sunday, August 4, 7748,Dromedary camel
820,Bob,Franks,Sunday, June 27, 8494,European beaver
821,Elijah,Mullins,Wednesday, February 26, 4031,Deer
822,Harvey,Matthews,Wednesday, January 15, 3659,Dalmatian
823,Jack,Edmonds,Friday, July 23, 0669,Black-tailed prairie dog
824,Rylee,Vincent,Tuesday, April 17, 3804,Crab
825,Manuel,Terry,Wednesday, June 9, 5548,Kudu
826,Louise,Bell,Saturday, March 2, 9174,Bush dog
827,Anais,Benson,Saturday, November 20, 9441,Crested bunting
828,Julia,Hancock,Sunday, October 4, 8595,Turkey
829,Maria,Fisher,Saturday, May 15, 6782,Alpaca
830,Dasha,Jacobs,Wednesday, March 14, 8700,Galah
831,Bart,Tobin,Saturday, August 24, 4250,wasp
832,Gemma,Eyres,Friday, July 1, 5577,Owl
833,Ethan,Wilson,Tuesday, December 14, 1120,Fairy penguin
834,Noah,Cork,Wednesday, December 1, 9148,Dalmatian
835,Cara,Flett,Monday, February 29, 2940,Canadian river otter
836,Lucas,Matthews,Tuesday, June 2, 6787,Goliath heron
837,Bridget,Fleming,Friday, June 9, 7516,Hawk-headed parrot
838,Sebastian,Higgs,Wednesday, December 11, 9439,Crested barbet
839,Rocco,Slater,Wednesday, December 12, 9708,King vulture
840,Belinda,Rodwell,Sunday, May 18, 3434,Crab
841,Matthew,Norris,Saturday, August 14, 4032,Rat
842,Carina,Ulyatt,Friday, May 1, 6043,Lemur
843,Candice,Selby,Friday, October 16, 2308,Penguin
844,Mason,Rossi,Saturday, December 29, 5229,Caribou
845,Danny,Stevens,Tuesday, October 14, 7823,Cape cobra
846,Tony,Nelson,Sunday, November 21, 2951,Eurasian red squirrel
847,Penelope,Bradley,Thursday, April 18, 2458,Carpet python
848,Michael,Morrow,Saturday, May 14, 7825,Eastern boa constrictor
849,Eryn,Wood,Sunday, January 17, 9830,Raccoon
850,Mason,Drummond,Tuesday, October 20, 0212,Jungle kangaroo
851,Bob,Baker,Tuesday, February 17, 8899,Kinkajou
852,Percy,Simpson,Thursday, September 27, 5663,Bobcat
853,Lucas,Murray,Sunday, April 9, 4941,Cape wild cat
854,Maddison,Harris,Tuesday, January 12, 5373,Flightless cormorant
855,Ryan,Wilton,Thursday, October 20, 7329,Great white pelican
856,Colleen,Taylor,Tuesday, May 20, 9456,JellyFish
857,Gwen,Cameron,Monday, November 30, 0899,Armadillo
858,Rocco,Powell,Saturday, November 16, 6695,Killer whale
859,Alexander,Farrell,Monday, January 18, 3988,Common duiker
860,Chuck,Antcliff,Saturday, April 21, 0001,FireFly
861,Harvey,Groves,Thursday, October 11, 5268,Dog
862,Emery,Craig,Sunday, September 25, 7560,Japanese macaque
863,Enoch,Collis,Saturday, July 12, 3169,Indian giant squirrel
864,Juliet,Stevens,Sunday, November 18, 6390,Common shelduck
865,Alexander,Barrett,Tuesday, June 12, 6610,Hedgedog
866,Joyce,Kent,Sunday, December 16, 9145,Kinkajou
867,Tyler,Barclay,Sunday, July 25, 4990,Hippopotamus
868,Cedrick,Sherwood,Sunday, August 18, 3135,Bear
869,Matthew,Saunders,Wednesday, January 12, 2377,Dog
870,Candace,Shelton,Wednesday, March 7, 5781,Clown Fish
871,Adina,Reynolds,Saturday, September 16, 4947,Bush dog
872,Ron,Buckley,Sunday, January 12, 1716,Kinkajou
873,Bryon,Shields,Tuesday, December 17, 1196,Bushbuck
874,Cassidy,Pond,Tuesday, January 23, 9512,Dodo
875,Emely,Price,Saturday, December 6, 6684,Common green iguana
876,Fred,Judd,Wednesday, June 12, 8937,European wild cat
877,Martin,Hilton,Monday, May 19, 2724,Gambels quail
878,Mike,Harris,Monday, June 2, 4994,Panda
879,Hank,Harrison,Thursday, May 2, 9422,Eastern indigo snake
880,Jessica,Leslie,Wednesday, July 22, 3108,Javanese cormorant
881,Hayden,Ralph,Wednesday, November 29, 6654,Bear
882,Alan,Radcliffe,Wednesday, May 9, 8638,Collared lizard
883,Irene,Watson,Monday, August 6, 2085,Hedgedog
884,Nicholas,Uttley,Saturday, April 5, 0842,Turkey
885,Makenzie,Rixon,Saturday, November 5, 6495,Herring gull
886,Janelle,James,Monday, April 22, 4526,Raccoon
887,Blake,Bryson,Friday, October 27, 1093,Dassie
888,Bryce,Gonzales,Tuesday, November 1, 1910,Fisher
889,Rosalee,Hepburn,Sunday, January 2, 3403,Glossy ibis
890,Angelina,Yarlett,Tuesday, August 25, 9046,Collared lemming
891,Harry,Gaynor,Saturday, April 4, 1739,Indian peacock
892,Phillip,Rodgers,Saturday, January 14, 7426,Gray duiker
893,Chester,Power,Wednesday, May 25, 5498,Hawk-headed parrot
894,Josh,Varndell,Thursday, December 19, 1411,Giant anteater
895,Shelby,Hamilton,Saturday, June 4, 8512,Cattle egret
896,Dani,Yarlett,Friday, May 8, 3215,Common green iguana
897,Samara,Smith,Saturday, January 10, 0009,Sea Lion
898,Hayden,Weatcroft,Saturday, April 9, 8287,Fisher
899,Barry,Whinter,Thursday, August 5, 3509,Horse
900,Domenic,Butler,Friday, February 3, 4175,Dama wallaby
901,Julia,Crawley,Monday, January 17, 0478,Emerald green tree boa
902,Matthew,Fowler,Thursday, April 11, 5912,Worm
903,Ruth,James,Sunday, May 23, 7576,Sloth
904,Daniel,Russell,Monday, April 21, 3400,Zebra
905,Kimberly,Kirby,Monday, May 12, 5580,Gila monster
906,Percy,Ulyatt,Thursday, August 20, 9761,Black-capped chickadee
907,Summer,Alldridge,Saturday, May 6, 2254,European spoonbill
908,Jennifer,Hewitt,Monday, June 28, 6382,Coyote
909,Daniel,Ashley,Saturday, February 19, 9183,Huron
910,Mason,Jeffery,Tuesday, September 12, 2361,Galapagos dove
911,Barney,Brett,Sunday, January 10, 3858,Huron
912,Marvin,Owen,Friday, March 30, 2604,Koala
913,Sebastian,Thorne,Wednesday, November 29, 2969,American buffalo
914,Mike,Pearson,Thursday, January 16, 9873,Zebu
915,Josephine,Hill,Sunday, April 11, 1926,King vulture
916,Bart,Clarke,Wednesday, July 8, 6820,European stork
917,Elisabeth,Hardwick,Tuesday, November 3, 6792,Galapagos penguin
918,Adalind,Rossi,Sunday, August 15, 9548,Galapagos penguin
919,Candice,Cowan,Tuesday, December 18, 6153,Burrowing owl
920,Stephanie,Rogers,Sunday, November 13, 7881,Panda
921,Javier,Tutton,Tuesday, January 8, 0092,Komodo Dragon
922,Danny,Holmes,Monday, October 22, 3990,Caribou
923,Caydence,Cameron,Tuesday, July 3, 6221,Emerald green tree boa
924,Lucas,Swan,Wednesday, December 29, 9604,Blue shark
925,Rachael,Shaw,Saturday, December 10, 5577,Cape fox
926,Sarah,Adams,Tuesday, March 9, 2365,Fisher
927,Margot,Allwood,Wednesday, August 1, 7207,Galapagos mockingbird
928,Sebastian,Brown,Wednesday, November 12, 5519,Sea Elephant
929,Dani,Holt,Saturday, June 19, 8083,JellyFish
930,Cristal,Hamilton,Sunday, July 3, 3549,Chital
931,Paula,Bright,Wednesday, April 22, 7057,Canada goose
932,Bart,Hunt,Saturday, November 28, 0663,Bear
933,Bernadette,Stewart,Sunday, March 13, 3329,Gambels quail
934,Bethany,Harris,Sunday, October 17, 6754,Black-capped chickadee
935,Shay,Norris,Thursday, March 5, 1885,Ladybug
936,Eve,Long,Thursday, February 8, 2751,Kaffir cat
937,Candace,Zaoui,Thursday, March 20, 4577,Badger
938,Ryan,Irwin,Sunday, December 21, 4262,Ladybug
939,Denny,Yarwood,Wednesday, March 26, 4403,Common ringtail
940,Gladys,Farmer,Thursday, March 23, 1820,Eastern quoll
941,Denis,Button,Thursday, July 4, 6661,Indian star tortoise
942,Gil,Osmond,Thursday, November 18, 3858,Cheetah
943,Chris,Kelly,Sunday, July 5, 4736,Somali
944,Nicholas,Ventura,Friday, January 19, 6491,Gambels quail
945,Thea,Casey,Sunday, June 28, 9485,Horned lark
946,Nate,Garner,Tuesday, June 26, 1956,Bat
947,Maddison,Thornton,Thursday, February 21, 9771,Field flicker
948,Brad,Chadwick,Thursday, September 25, 6352,Galapagos dove
949,Benjamin,Sloan,Wednesday, October 5, 9740,Giraffe
950,Sofia,Murphy,Sunday, May 2, 9165,Bat
951,Luke,Baker,Sunday, February 3, 5636,Common zebra
952,William,Thompson,Tuesday, June 15, 4010,Bobcat
953,Mike,Edmonds,Sunday, January 20, 4661,Wolverine
954,Denis,Mccormick,Wednesday, February 19, 8966,Giant heron
955,Sharon,Mccormick,Friday, September 30, 9098,Indian porcupine
956,Harvey,Norburn,Saturday, May 16, 5885,Fairy penguin
957,Sharon,Richards,Thursday, September 6, 5094,Common dolphin
958,Harry,Holmes,Sunday, December 5, 9086,Jaguarundi
959,Jade,Edmonds,Sunday, February 3, 0757,Cereopsis goose
960,Barney,Wren,Sunday, September 6, 1942,Indian mynah
961,Phoebe,White,Tuesday, May 3, 1803,Common pheasant
962,Rae,Stevens,Monday, March 11, 7748,Zebu
963,Olivia,Quinnell,Thursday, March 9, 5684,Wombat
964,Megan,Davies,Tuesday, December 27, 8631,Coyote
965,Judith,Cattell,Monday, February 7, 4450,Komodo dragon
966,Domenic,Appleton,Thursday, April 23, 2815,Blue fox
967,Grace,Robe,Monday, September 10, 9691,Bushbuck
968,Robyn,Eaton,Thursday, March 6, 9580,Griffon vulture
969,Gil,Forth,Monday, May 10, 6945,Impala
970,Russel,Ogilvy,Saturday, October 5, 0289,Zebra
971,Margot,Cann,Wednesday, March 22, 8276,eagle
972,Rocco,Pope,Friday, April 6, 9381,Alpaca
973,Jane,Morris,Friday, October 11, 5107,Raccoon
974,Maia,Lane,Tuesday, August 26, 1073,Common langur
975,Carmella,Franks,Friday, March 27, 1254,Honey badger
976,Shelby,Stewart,Friday, March 9, 9928,Kori bustard
977,Jacob,Tyrrell,Monday, October 29, 6288,Bushpig
978,Mike,Lunt,Saturday, January 25, 3614,Frilled dragon
979,William,Fisher,Saturday, September 18, 2438,Emerald green tree boa
980,Holly,Ingham,Sunday, September 18, 9233,Capybara
981,Russel,Harris,Saturday, September 26, 4916,Red Panda
982,Lily,Yarwood,Friday, March 21, 9062,Great white pelican
983,Peter,Johnson,Friday, April 17, 7739,Turkey
984,Alan,Beal,Friday, February 21, 1631,Eurasian hoopoe
985,Megan,Adams,Saturday, May 21, 9329,Raccoon
986,Camellia,Bowen,Sunday, May 21, 5228,Giant anteater
987,Jack,James,Tuesday, October 17, 1313,Giant heron
988,Sofie,Norburn,Sunday, July 21, 3202,Black-tailed deer
989,Havana,Samuel,Thursday, January 15, 2556,Ant
990,Owen,Wilkinson,Wednesday, August 3, 0783,Gray heron
991,Leah,Owen,Saturday, July 24, 2680,Common green iguana
992,Marilyn,Myatt,Sunday, August 18, 8041,Snake
993,Martha,Stewart,Thursday, October 13, 9510,Common wombat
994,Quinn,Horton,Saturday, November 8, 0521,Golden jackal
995,Henry,Newton,Saturday, November 19, 2327,Gila monster
996,Owen,Swift,Saturday, May 16, 7159,Barking gecko
997,Camden,Shelton,Saturday, November 8, 3524,Common seal
998,Oliver,Brock,Thursday, June 9, 3622,Blue catfish
999,Celia,Morris,Monday, May 10, 3576,Gerenuk
1000,Liam,Pope,Monday, May 7, 0474,Blue catfish

