ID,name,gender,type,date
1,Johnny,Male,Euro wallaby,Friday, January 17, 6690
2,Abdul,Male,Hippopotamus,Thursday, February 26, 5705
3,Tyson,Male,Honey badger,Wednesday, August 13, 6352
4,Lindsay,Female,Horned lark,Friday, May 1, 9716
5,Denny,Male,Gerenuk,Wednesday, February 15, 0508
6,Vivian,Female,Cape fox,Friday, February 20, 9693
7,Maria,Female,Eastern indigo snake,Sunday, February 14, 4094
8,Carl,Male,Impala,Thursday, April 21, 8140
9,Lucy,Female,Black-tailed prairie dog,Wednesday, April 23, 7349
10,Ryan,Male,Blue catfish,Saturday, June 5, 7593
11,Carl,Male,Duck,Monday, October 23, 6552
12,Owen,Male,Donkey,Friday, January 11, 0092
13,Martin,Male,Crested barbet,Tuesday, August 26, 8797
14,Cara,Female,Common turkey,Sunday, January 20, 4707
15,Manuel,Male,Four-horned antelope,Monday, November 12, 7742
16,Daron,Male,Fossa,Tuesday, September 25, 5083
17,Kate,Female,Red Panda,Thursday, February 7, 1507
18,Valerie,Female,Horned lark,Saturday, December 21, 0126
19,Bart,Male,Dog,Saturday, June 25, 5250
20,Chadwick,Male,Catfish,Monday, June 14, 4488
21,Hope,Female,Deer,Sunday, December 26, 7154
22,Denis,Male,Eastern indigo snake,Thursday, September 22, 7059
23,Roger,Male,Bushbuck,Saturday, June 25, 5560
24,Ramon,Male,Egyptian goose,Saturday, August 11, 0435
25,Adelaide,Female,Avocet,Friday, January 23, 6720
26,Brad,Male,Crested porcupine,Sunday, November 26, 9961
27,Jasmine,Female,Kelp gull,Tuesday, January 21, 1941
28,Ada,Female,Antelope,Thursday, April 11, 4430
29,Eduardo,Male,Common zebra,Saturday, April 23, 9425
30,Gil,Male,Wombat,Monday, March 26, 5923
31,George,Male,Blue fox,Wednesday, June 21, 8175
32,Kimberly,Female,Grizzly bear,Thursday, June 3, 9148
33,George,Male,Albatross,Sunday, May 25, 3158
34,Peyton,Female,Monkey,Sunday, January 15, 0367
35,Chester,Male,Crab,Thursday, January 11, 4768
36,Jocelyn,Female,Honey badger,Friday, October 17, 5298
37,Mara,Female,Helmeted guinea fowl,Thursday, January 14, 2388
38,Sofie,Female,Dama wallaby,Tuesday, November 7, 3786
39,Kieth,Male,Snake,Tuesday, July 1, 9924
40,Lara,Female,Duck,Wednesday, September 12, 3973
41,Camden,Female,Egyptian viper,Monday, July 16, 4356
42,David,Male,Grizzly bear,Sunday, May 15, 5272
43,Clint,Male,Leopard,Thursday, April 24, 1400
44,Gabriel,Male,FireFly,Wednesday, April 23, 5692
45,Carissa,Female,Sea Elephant,Friday, June 12, 0398
46,Angelina,Female,Cheetah,Saturday, October 29, 7672
47,Melania,Female,Frilled lizard,Wednesday, February 22, 6012
48,Daron,Male,Collared lizard,Thursday, May 29, 5045
49,Noah,Male,Collared lizard,Saturday, July 18, 5153
50,Harvey,Male,Kinkajou,Tuesday, November 3, 5789
51,Bryce,Female,Brown lemur,Wednesday, May 15, 1280
52,Chad,Male,Downy woodpecker,Friday, April 10, 2950
53,Ryan,Male,Bush dog,Tuesday, June 4, 0318
54,Rocco,Male,Indian giant squirrel,Tuesday, January 10, 0045
55,Chadwick,Male,Collared peccary,Monday, April 27, 2409
56,Jack,Male,Cape cobra,Friday, March 15, 8097
57,Florence,Female,Blue catfish,Sunday, June 30, 6363
58,Kimberly,Female,Euro wallaby,Tuesday, December 26, 3651
59,Piper,Female,Kiwi,Friday, January 28, 8495
60,Liam,Male,Butterfly,Wednesday, February 3, 2196
61,Carina,Female,Blue fox,Thursday, April 16, 7609
62,Darlene,Female,Hedgedog,Wednesday, December 22, 9858
63,Paige,Female,Sloth,Wednesday, March 26, 2160
64,Peter,Male,European beaver,Wednesday, December 14, 3510
65,Nicholas,Male,Cattle egret,Monday, January 31, 0929
66,Ivette,Female,Vulture,Friday, September 20, 0875
67,Louise,Female,Gambels quail,Friday, December 12, 5997
68,Blake,Female,Dabchick,Sunday, May 29, 9633
69,Robyn,Female,Emerald green tree boa,Sunday, August 2, 4781
70,Rosemary,Female,Indian giant squirrel,Saturday, January 31, 6950
71,Peter,Male,Eastern fox squirrel,Wednesday, September 20, 0648
72,Jackeline,Female,Swan,Wednesday, November 7, 9506
73,Wade,Male,Ibex,Friday, January 29, 8190
74,Leroy,Male,Black-footed ferret,Monday, December 9, 4396
75,Gina,Female,Black-capped chickadee,Sunday, May 21, 5651
76,Rita,Female,Dama wallaby,Wednesday, March 24, 7137
77,Caydence,Female,Panda,Monday, July 25, 7644
78,Deborah,Female,Bat,Tuesday, January 30, 3066
79,Domenic,Male,Cheetah,Thursday, July 25, 6554
80,Henry,Male,Jungle kangaroo,Friday, August 7, 3012
81,Liam,Male,Eastern cottontail rabbit,Sunday, October 29, 7544
82,Chad,Male,Indian star tortoise,Monday, February 16, 0505
83,Sabrina,Female,African lion,Thursday, July 18, 1101
84,Danielle,Female,Yak,Sunday, May 26, 6869
85,Chelsea,Female,Eurasian hoopoe,Saturday, November 8, 7777
86,Jocelyn,Female,Feathertail glider,Monday, January 16, 8012
87,Jack,Male,African elephant,Saturday, November 21, 5531
88,Naomi,Female,Galapagos hawk,Monday, July 5, 0877
89,Joyce,Female,Hottentot teal,Tuesday, June 1, 7627
90,Ethan,Male,Gerenuk,Friday, April 30, 7199
91,Margaret,Female,Gray duiker,Friday, January 27, 8530
92,Alice,Female,Sea Elephant,Monday, December 1, 6797
93,Kurt,Male,Horned lark,Monday, May 8, 8789
94,Chuck,Male,Horse,Friday, April 21, 4147
95,Bob,Male,Blue shark,Friday, May 24, 1839
96,Rylee,Female,Sea Lion,Friday, August 10, 5866
97,Eduardo,Male,Kiwi,Friday, July 17, 6522
98,Samantha,Female,Frilled dragon,Sunday, August 29, 3300
99,Denny,Male,Dromedary camel,Saturday, June 24, 1420
100,Regina,Female,Desert tortoise,Monday, September 18, 8141
101,Gemma,Female,Swan,Tuesday, August 4, 8471
102,Molly,Female,Common shelduck,Tuesday, January 16, 8503
103,Gil,Male,Eastern diamondback rattlesnake,Tuesday, June 2, 5029
104,Kendra,Female,Giant otter,Friday, April 23, 1323
105,Florence,Female,Field flicker,Tuesday, May 10, 9672
106,Logan,Female,Bison,Tuesday, June 30, 1435
107,Penny,Female,Bison,Friday, February 7, 4313
108,Dakota,Female,Desert tortoise,Friday, February 29, 5788
109,Harvey,Male,Cape Barren goose,Tuesday, May 30, 6299
110,Esmeralda,Female,Four-horned antelope,Tuesday, February 9, 0506
111,Boris,Male,Egyptian goose,Friday, January 8, 3526
112,Manuel,Male,Tree Frog,Wednesday, July 20, 7003
113,Payton,Female,eagle,Wednesday, January 31, 7866
114,Carmella,Female,Galapagos dove,Monday, March 31, 2380
115,Cynthia,Female,Fork-tailed drongo,Friday, September 16, 6327
116,Bryon,Male,Polar Bear,Monday, January 20, 7045
117,Jack,Male,Dusky gull,Sunday, February 13, 9116
118,Vicky,Female,Four-horned antelope,Tuesday, June 16, 2246
119,Angela,Female,Lemur,Monday, October 2, 6806
120,Leroy,Male,Blue shark,Wednesday, November 20, 0301
121,Davina,Female,Giant heron,Thursday, July 2, 0331
122,Matt,Male,Toucan,Monday, February 6, 3493
123,Tony,Male,Black spider monkey,Monday, May 23, 4107
124,Joy,Female,Rat,Sunday, January 23, 3194
125,Jacob,Male,Glossy ibis,Thursday, December 2, 6376
126,Luna,Female,Cattle egret,Thursday, October 17, 5518
127,Eden,Female,Groundhog,Thursday, March 17, 4596
128,Mason,Male,Indian star tortoise,Monday, February 19, 5168
129,Marvin,Male,Weasel,Wednesday, November 11, 9716
130,David,Male,Turkey,Thursday, October 25, 5021
131,Isla,Female,Eagle owl,Wednesday, December 13, 3454
132,Cynthia,Female,Brown hyena,Monday, September 26, 5391
133,Chuck,Male,Chacma baboon,Tuesday, April 18, 0451
134,Gabriel,Male,Dodo,Tuesday, November 22, 9329
135,Carl,Male,Eurasian beaver,Tuesday, July 7, 3936
136,Jayden,Male,Wombat,Friday, April 26, 9219
137,Tyler,Male,Blue duck,Sunday, January 6, 1946
138,Luna,Female,Fringe-eared oryx,Saturday, April 26, 5766
139,Liam,Male,Somali,Sunday, October 27, 0611
140,Havana,Female,Snake,Saturday, October 14, 3369
141,Roger,Male,Kaffir cat,Tuesday, September 17, 9686
142,Cristal,Female,FireFly,Sunday, April 30, 5234
143,Jane,Female,Bald Eagle,Tuesday, October 14, 6549
144,Gabriel,Male,Field flicker,Friday, February 24, 2322
145,Alan,Male,Caribou,Wednesday, February 12, 7614
146,Rosalee,Female,Euro wallaby,Thursday, October 3, 5354
147,Harvey,Male,Indian jackal,Thursday, December 19, 2909
148,Jayden,Male,Goliath heron,Sunday, March 31, 6182
149,Teagan,Female,Dabchick,Sunday, June 22, 7541
150,Brad,Male,Cat,Wednesday, June 13, 3392
151,Deborah,Female,Sheep,Monday, January 3, 9521
152,Jazmin,Female,Seal,Sunday, May 14, 0045
153,Melania,Female,Kiwi,Sunday, May 18, 6087
154,Zara,Female,Indian tree pie,Tuesday, August 7, 9855
155,Hanna,Female,Avocet,Sunday, September 2, 9696
156,Camden,Female,Gaur,Thursday, January 7, 3819
157,Lorraine,Female,European stork,Saturday, November 29, 4341
158,Gil,Male,Common duiker,Wednesday, March 9, 9492
159,Rocco,Male,Herring gull,Thursday, March 3, 3092
160,Monica,Female,Sheep,Saturday, May 29, 6049
161,Owen,Male,European shelduck,Wednesday, December 2, 8420
162,Carter,Male,JellyFish,Monday, November 14, 2816
163,Owen,Male,Vulture,Friday, April 9, 9379
164,Leroy,Male,Dog,Tuesday, December 17, 4515
165,Luke,Male,Euro wallaby,Monday, January 18, 9368
166,Sebastian,Male,Hedgedog,Sunday, November 19, 5871
167,Jane,Female,squid,Monday, February 3, 8425
168,Anthony,Male,Great egret,Tuesday, June 7, 2146
169,Parker,Female,Turkey,Tuesday, September 26, 2322
170,Benjamin,Male,Jabiru stork,Saturday, June 3, 5482
171,Michael,Male,Great egret,Friday, July 11, 5130
172,Emely,Female,Horned rattlesnake,Saturday, June 19, 7706
173,Mike,Male,Euro wallaby,Thursday, July 30, 2229
174,Nicholas,Male,Black-tailed prairie dog,Monday, April 15, 7495
175,Tony,Male,Emerald green tree boa,Monday, February 28, 0585
176,Benny,Male,Antelope,Friday, November 12, 7419
177,Chuck,Male,Eastern cottontail rabbit,Monday, July 30, 6198
178,Alan,Male,wasp,Monday, August 5, 5033
179,Russel,Male,Giant armadillo,Monday, September 12, 6681
180,William,Male,Cat,Friday, January 14, 8484
181,Sebastian,Male,Field flicker,Monday, February 6, 2406
182,Cameron,Female,Giant anteater,Tuesday, August 6, 3501
183,Jocelyn,Female,Dabchick,Monday, June 21, 0060
184,Denny,Male,European shelduck,Thursday, October 25, 1691
185,Benjamin,Male,Komodo Dragon,Tuesday, August 27, 4763
186,Chad,Male,Javan gold-spotted mongoose,Friday, February 28, 4020
187,Anne,Female,Hottentot teal,Wednesday, April 28, 7086
188,Owen,Male,Cheetah,Saturday, December 15, 7770
189,Rick,Male,Antelope,Thursday, August 19, 2117
190,Boris,Male,Galapagos tortoise,Friday, May 15, 7085
191,Maxwell,Male,Gray heron,Friday, February 20, 5131
192,Wade,Male,Eurasian beaver,Tuesday, May 10, 3110
193,Chad,Male,Egyptian goose,Sunday, February 18, 4807
194,Kamila,Female,Brown hyena,Monday, January 16, 8964
195,Daron,Male,Komodo dragon,Wednesday, February 8, 9939
196,Mayleen,Female,Horned rattlesnake,Saturday, March 14, 0015
197,Jacob,Male,Komodo Dragon,Sunday, June 30, 5793
198,Alessia,Female,Giant anteater,Wednesday, February 1, 0147
199,Henry,Male,Collared lemming,Saturday, July 16, 2039
200,John,Male,Galapagos dove,Thursday, July 2, 4725
201,Doris,Female,Giraffe,Saturday, November 14, 0448
202,Havana,Female,Deer,Friday, December 26, 8904
203,Grace,Female,Kiwi,Wednesday, January 8, 5530
204,Carl,Male,Sea Lion,Wednesday, May 19, 9751
205,Violet,Female,Indian peacock,Thursday, February 4, 5396
206,Julian,Male,Polar Bear,Thursday, December 9, 7058
207,Joseph,Male,Raccoon,Wednesday, July 7, 1841
208,Judith,Female,Donkey,Sunday, March 29, 1868
209,Percy,Male,Indian tree pie,Monday, November 2, 7739
210,Luke,Male,Ferruginous hawk,Friday, July 9, 2399
211,Bethany,Female,Eastern white pelican,Monday, August 13, 0728
212,Martin,Male,Golden jackal,Monday, March 16, 8854
213,Doug,Male,Dama wallaby,Saturday, May 5, 8683
214,Lana,Female,Eastern cottontail rabbit,Tuesday, October 30, 2232
215,Celina,Female,Giant girdled lizard,Wednesday, October 20, 9543
216,Laila,Female,Dromedary camel,Wednesday, June 13, 6779
217,Helen,Female,Chital,Wednesday, February 16, 9025
218,Chris,Male,Hottentot teal,Monday, April 12, 8297
219,Hanna,Female,Common duiker,Sunday, February 24, 9737
220,Ciara,Female,Greater flamingo,Monday, January 17, 6772
221,Tom,Male,Dabchick,Sunday, January 23, 4738
222,Violet,Female,Bushbuck,Wednesday, October 14, 8511
223,Maddison,Female,Vampire Bat,Saturday, May 24, 3783
224,Ryan,Male,Great egret,Monday, May 21, 2266
225,Elly,Female,Gila monster,Tuesday, February 22, 7278
226,Hazel,Female,Alpaca,Thursday, May 27, 6494
227,Boris,Male,European shelduck,Wednesday, March 23, 9335
228,Alessandra,Female,Gerenuk,Thursday, April 30, 9761
229,Tyler,Male,Dusky gull,Thursday, September 26, 0052
230,Maribel,Female,Feral rock pigeon,Friday, August 23, 0024
231,Gabriel,Male,Cape Barren goose,Thursday, June 19, 7242
232,Josh,Male,Fisher,Monday, February 17, 0769
233,Ema,Female,Butterfly,Sunday, November 19, 9516
234,Bob,Male,Japanese macaque,Thursday, July 10, 7710
235,Nicholas,Male,European spoonbill,Tuesday, April 1, 0166
236,Adelaide,Female,Galapagos albatross,Friday, March 19, 6315
237,Tony,Male,Cape raven,Tuesday, February 21, 7004
238,Andrea,Female,Cereopsis goose,Thursday, November 22, 4514
239,William,Male,Eastern cottontail rabbit,Friday, July 15, 1053
240,Mike,Male,Indian leopard,Tuesday, November 24, 6995
241,Piper,Female,Giant armadillo,Tuesday, August 12, 5231
242,Chester,Male,Somali,Tuesday, December 12, 2220
243,Tyler,Male,Giant otter,Monday, August 29, 7768
244,Barry,Male,Indian mynah,Sunday, September 28, 2110
245,Angelina,Female,Galapagos mockingbird,Sunday, June 11, 9133
246,Alan,Male,squid,Sunday, August 22, 3683
247,Matt,Male,Burrowing owl,Thursday, May 12, 4495
248,Robyn,Female,Sea Lion,Monday, November 14, 1155
249,Cedrick,Male,Common wolf,Saturday, January 19, 0965
250,Carter,Male,Crested bunting,Thursday, January 11, 2914
251,Jayden,Male,wasp,Monday, November 5, 1517
252,Maya,Female,Owl,Tuesday, February 17, 2595
253,Cassidy,Female,Panda,Saturday, August 10, 7039
254,Melania,Female,Blue peacock,Sunday, July 11, 1294
255,Alice,Female,Common turkey,Thursday, December 15, 1966
256,Stacy,Female,Avocet,Friday, January 14, 8766
257,Nathan,Male,Galapagos dove,Wednesday, February 12, 5749
258,Rocco,Male,Clown Fish,Thursday, February 14, 5360
259,Chloe,Female,Eastern quoll,Wednesday, June 11, 1547
260,Manuel,Male,Wolverine,Wednesday, September 7, 1267
261,Sydney,Female,Toucan,Monday, December 2, 0509
262,Brad,Male,Indian porcupine,Wednesday, July 11, 0857
263,Johnny,Male,Indian leopard,Wednesday, December 4, 6002
264,William,Male,Egyptian viper,Sunday, December 2, 9691
265,William,Male,Indian giant squirrel,Monday, November 21, 0698
266,Chester,Male,Gila monster,Saturday, March 6, 4427
267,Priscilla,Female,Griffon vulture,Monday, April 26, 4399
268,Percy,Male,Lemur,Sunday, August 20, 5347
269,Vera,Female,Dalmatian,Tuesday, April 24, 9235
270,Francesca,Female,Eastern grey kangaroo,Sunday, July 7, 2707
271,Joy,Female,Harbor seal,Sunday, November 10, 3546
272,Mara,Female,Cheetah,Wednesday, April 22, 6285
273,Colleen,Female,European wild cat,Thursday, May 23, 8886
274,Cassandra,Female,Dusky rattlesnake,Thursday, March 27, 1519
275,Daron,Male,California sea lion,Sunday, February 11, 7674
276,Amy,Female,Brown capuchin,Tuesday, May 7, 6937
277,Allison,Female,Indian leopard,Friday, January 23, 0370
278,Aisha,Female,Kinkajou,Friday, May 22, 3767
279,Doug,Male,Fringe-eared oryx,Tuesday, October 14, 0673
280,Aiden,Male,Great kiskadee,Sunday, October 1, 0361
281,Barney,Male,Greater flamingo,Sunday, January 15, 4299
282,Martin,Male,Eastern grey kangaroo,Saturday, March 12, 1887
283,Greta,Female,Antelope,Sunday, March 27, 8889
284,Gil,Male,Deer,Tuesday, February 3, 8950
285,Russel,Male,Puma,Sunday, September 9, 9134
286,Chester,Male,Possum,Friday, October 27, 3245
287,Emely,Female,Fossa,Sunday, December 1, 6301
288,Rachael,Female,Kelp gull,Monday, August 1, 6214
289,Morgan,Female,Antelope,Wednesday, November 7, 5123
290,George,Male,Downy woodpecker,Tuesday, August 9, 7639
291,Dani,Female,Kinkajou,Saturday, August 31, 8791
292,Liliana,Female,Indian giant squirrel,Wednesday, January 7, 3665
293,Emerald,Female,Blue duck,Friday, October 27, 3589
294,Alison,Female,Cape cobra,Thursday, March 16, 8339
295,Georgia,Female,Penguin,Tuesday, July 9, 2374
296,Chanelle,Female,Groundhog,Wednesday, January 1, 6313
297,Daniel,Male,Blue catfish,Monday, January 4, 8596
298,Julianna,Female,European badger,Monday, February 20, 5488
299,Benny,Male,Greater flamingo,Monday, June 14, 1232
300,Lauren,Female,Cattle egret,Thursday, January 16, 5508
301,Javier,Male,Indian mynah,Thursday, July 12, 2283
302,Michelle,Female,Polar Bear,Wednesday, September 25, 7507
303,Jack,Male,Javan gold-spotted mongoose,Wednesday, October 31, 9770
304,Joseph,Male,Boar,Wednesday, September 20, 6851
305,Alan,Male,Hedgedog,Saturday, March 13, 8906
306,Luke,Male,Galapagos penguin,Thursday, August 2, 4914
307,Peter,Male,Galapagos albatross,Thursday, June 2, 5166
308,Clarissa,Female,Panda,Saturday, January 10, 5480
309,Luna,Female,Indian star tortoise,Friday, August 1, 1834
310,Daron,Male,Avocet,Friday, May 23, 3281
311,Jade,Female,Clown Fish,Thursday, August 24, 8778
312,Chuck,Male,Great white pelican,Thursday, June 29, 3820
313,George,Male,Cheetah,Sunday, May 13, 3759
314,Jules,Female,Black-tailed prairie dog,Sunday, October 12, 7292
315,Kurt,Male,Galapagos penguin,Wednesday, May 29, 8216
316,Marigold,Female,Black-tailed prairie dog,Monday, March 21, 8467
317,Thea,Female,Galapagos dove,Sunday, September 23, 6457
318,Julianna,Female,Dromedary camel,Friday, May 6, 3808
319,Joyce,Female,Great egret,Tuesday, November 17, 9040
320,Wade,Male,Blue peacock,Saturday, April 6, 6458
321,Cassandra,Female,Horned puffin,Friday, March 9, 8085
322,Sylvia,Female,Galapagos sea lion,Friday, March 16, 1832
323,Percy,Male,Galapagos mockingbird,Sunday, October 8, 3471
324,Cameron,Female,Somali,Saturday, February 13, 7058
325,Cedrick,Male,Sheep,Saturday, July 22, 0952
326,Wade,Male,Hoary marmot,Tuesday, March 27, 7708
327,Alan,Male,Hoary marmot,Saturday, July 3, 9773
328,Lindsay,Female,Clown Fish,Thursday, July 20, 9172
329,Wade,Male,Wombat,Friday, January 25, 6774
330,Marigold,Female,Galapagos albatross,Thursday, April 28, 9261
331,Tony,Male,Bushbuck,Wednesday, October 12, 3870
332,Marie,Female,Worm,Thursday, May 20, 8455
333,Peter,Male,Fly,Saturday, November 19, 6687
334,Bryon,Male,Boar,Sunday, March 10, 4639
335,Selena,Female,Indian giant squirrel,Thursday, May 4, 5195
336,Bryon,Male,Chipmunk,Monday, August 12, 0058
337,Maxwell,Male,Deer,Monday, September 9, 5252
338,Harvey,Male,Black rhinoceros,Monday, May 7, 8288
339,Naomi,Female,Great horned owl,Thursday, January 9, 6966
340,Leroy,Male,Black-footed ferret,Tuesday, October 20, 3046
341,Mike,Male,Chital,Monday, June 29, 8240
342,Josh,Male,Black spider monkey,Sunday, September 18, 5966
343,Destiny,Female,Wolverine,Friday, November 4, 6355
344,Hayden,Male,Chital,Sunday, August 22, 9300
345,Rick,Male,Desert spiny lizard,Friday, November 24, 0767
346,Nina,Female,Jaguarundi,Sunday, January 10, 5543
347,Chester,Male,Downy woodpecker,Sunday, January 31, 8337
348,Domenic,Male,squid,Saturday, March 19, 4039
349,Ron,Male,Horned rattlesnake,Thursday, September 20, 2627
350,Michael,Male,Blue wildebeest,Tuesday, May 9, 6400
351,John,Male,Polar Bear,Tuesday, December 7, 9300
352,Noah,Male,Crested porcupine,Sunday, May 22, 4805
353,Britney,Female,Kaffir cat,Tuesday, April 19, 7053
354,Kenzie,Female,Wombat,Monday, July 13, 6798
355,Victoria,Female,Galapagos hawk,Friday, May 15, 1829
356,William,Male,Galapagos sea lion,Tuesday, November 25, 5902
357,Andrea,Female,Giraffe,Monday, June 13, 2732
358,Iris,Female,Polar Bear,Sunday, September 14, 5079
359,Doris,Female,Dusky gull,Thursday, July 3, 3794
360,Matthew,Male,Javanese cormorant,Wednesday, January 24, 3872
361,Denis,Male,Zebu,Friday, February 4, 9814
362,Natalie,Female,Black-tailed deer,Monday, August 29, 2439
363,Fiona,Female,Somali,Wednesday, May 21, 2994
364,Rachael,Female,Sparrow,Monday, February 1, 0647
365,Quinn,Female,Javanese cormorant,Wednesday, December 10, 5417
366,Danny,Male,wasp,Saturday, November 4, 1172
367,Chris,Male,Flightless cormorant,Saturday, February 26, 4833
368,Destiny,Female,Gambels quail,Monday, July 27, 1559
369,Tania,Female,Brown hyena,Monday, September 2, 9940
370,Josephine,Female,Butterfly,Friday, May 13, 6603
371,Kaylee,Female,Hanuman langur,Thursday, April 14, 7588
372,Adalind,Female,Brown hyena,Monday, January 4, 4732
373,Emely,Female,Antelope,Sunday, February 6, 4687
374,Nathan,Male,Great horned owl,Friday, May 26, 9054
375,Taylor,Female,Coyote,Thursday, November 15, 8564
376,Owen,Male,Yak,Thursday, April 20, 6597
377,Caleb,Male,Cape raven,Thursday, November 3, 6253
378,Felicity,Female,Indian porcupine,Thursday, July 7, 0388
379,Harvey,Male,Eurasian red squirrel,Thursday, August 7, 1986
380,Laila,Female,European badger,Wednesday, March 13, 4143
381,Matt,Male,Horse,Thursday, April 23, 3170
382,Erica,Female,Common zebra,Thursday, July 3, 8194
383,Camellia,Female,Gambels quail,Saturday, April 11, 3198
384,Denis,Male,Canadian river otter,Saturday, December 29, 1184
385,Lucas,Male,Indian tree pie,Sunday, November 8, 1693
386,Drew,Female,Four-horned antelope,Thursday, June 26, 5270
387,Josh,Male,Bobcat,Friday, February 14, 5034
388,Emery,Female,Common wolf,Friday, December 22, 8158
389,Peter,Male,Wolverine,Sunday, September 24, 2547
390,Hailey,Female,Sparrow,Monday, April 6, 4607
391,Abdul,Male,Elephant,Thursday, July 26, 8779
392,Tess,Female,Zebra,Thursday, March 3, 2185
393,Estrella,Female,Black rhinoceros,Wednesday, June 16, 5756
394,Percy,Male,Cormorant,Monday, October 6, 1524
395,Noah,Male,Black rhinoceros,Friday, June 17, 7481
396,Samara,Female,Vulture,Saturday, May 26, 1703
397,Elle,Female,Possum,Thursday, July 19, 8091
398,Daniel,Male,Snake,Tuesday, October 16, 5691
399,Rae,Female,Penguin,Thursday, December 6, 3821
400,Rosalee,Female,Egyptian goose,Wednesday, January 3, 9342
401,Isabella,Female,Barking gecko,Thursday, August 22, 3112
402,Adela,Female,Ferruginous hawk,Saturday, November 26, 7966
403,Helen,Female,European shelduck,Monday, April 8, 0633
404,Kimberly,Female,Kongoni,Saturday, July 23, 5701
405,Cameron,Female,Yak,Friday, February 11, 2749
406,Jules,Female,Armadillo,Tuesday, December 17, 4452
407,Anais,Female,Blue catfish,Sunday, June 28, 0048
408,Stacy,Female,Blue shark,Friday, January 27, 4434
409,Alexander,Male,Cereopsis goose,Sunday, January 24, 3694
410,Tara,Female,eagle,Monday, October 26, 2099
411,Chad,Male,Black-tailed deer,Sunday, January 3, 1097
412,Julian,Male,Horned rattlesnake,Thursday, May 29, 5924
413,Havana,Female,Gorilla,Monday, January 3, 8507
414,Bart,Male,Caracal,Tuesday, April 13, 1677
415,Rufus,Male,Blue catfish,Saturday, March 24, 0384
416,Abdul,Male,Great cormorant,Sunday, April 26, 8663
417,Olivia,Female,Cape wild cat,Thursday, March 28, 3765
418,Alan,Male,Great white pelican,Wednesday, May 4, 9385
419,Harvey,Male,Zebu,Tuesday, September 12, 2147
420,Phillip,Male,Common genet,Monday, January 5, 9925
421,Logan,Female,Deer,Sunday, July 30, 0006
422,Daniel,Male,Griffon vulture,Tuesday, March 1, 3053
423,Fred,Male,Desert spiny lizard,Friday, August 15, 0256
424,Piper,Female,Collared peccary,Saturday, March 2, 1529
425,Jamie,Female,Monkey,Monday, March 9, 8893
426,Renee,Female,Hamster,Thursday, January 8, 1807
427,Peter,Male,Puma,Sunday, July 5, 0798
428,Cadence,Female,Armadillo,Tuesday, February 11, 6302
429,Robyn,Female,Jaguarundi,Tuesday, February 10, 3389
430,Tyler,Male,Bushbuck,Thursday, June 5, 8347
431,Elijah,Male,Harrie,Wednesday, July 29, 0409
432,Grace,Female,wasp,Wednesday, February 8, 2756
433,Trisha,Female,Common seal,Monday, July 1, 8199
434,Nathan,Male,Lemur,Sunday, August 5, 2001
435,Bernadette,Female,Eurasian hoopoe,Thursday, February 2, 9093
436,Diane,Female,Galapagos sea lion,Saturday, November 4, 7415
437,Kassandra,Female,Common langur,Saturday, October 31, 9159
438,Regina,Female,Cat,Friday, October 20, 7448
439,Marissa,Female,Wolf,Saturday, December 12, 1299
440,Benjamin,Male,Glossy ibis,Tuesday, April 1, 2932
441,Tyson,Male,Emerald green tree boa,Saturday, April 22, 7634
442,Noah,Male,Fox,Thursday, August 16, 2351
443,Jamie,Female,Sea Lion,Thursday, December 8, 0895
444,Jacob,Male,Wombat,Sunday, May 15, 4844
445,Noah,Male,African lion,Saturday, February 5, 8620
446,Carol,Female,Eastern diamondback rattlesnake,Tuesday, August 9, 5261
447,Josh,Male,Griffon vulture,Friday, October 3, 2719
448,Sienna,Female,Shirmp,Saturday, December 30, 8975
449,Chad,Male,Huron,Sunday, October 21, 7888
450,Josh,Male,Wolverine,Tuesday, February 13, 9990
451,Hayden,Female,Butterfly,Wednesday, February 6, 2441
452,Doug,Male,Black rhinoceros,Sunday, December 5, 6810
453,Rachael,Female,Common pheasant,Friday, June 10, 5374
454,Maxwell,Male,Koala,Tuesday, March 7, 3093
455,Eileen,Female,Alpaca,Friday, December 14, 5792
456,Andie,Female,Ferruginous hawk,Monday, March 9, 3925
457,Brad,Male,Owl,Saturday, December 29, 8694
458,Barry,Male,Bald Eagle,Sunday, October 26, 2245
459,Emma,Female,Jungle kangaroo,Tuesday, May 25, 5143
460,William,Male,Horned lark,Wednesday, July 3, 4441
461,Erick,Male,Desert spiny lizard,Sunday, April 14, 5016
462,Piper,Female,Kelp gull,Saturday, May 6, 4180
463,Barney,Male,Panda,Saturday, June 7, 2623
464,Michelle,Female,Common turkey,Tuesday, January 24, 5967
465,Owen,Male,Kori bustard,Monday, June 26, 0451
466,Benny,Male,Brown capuchin,Thursday, November 15, 8874
467,Savannah,Female,Japanese macaque,Saturday, December 25, 7649
468,Ember,Female,Blue catfish,Wednesday, June 13, 2807
469,John,Male,Field flicker,Friday, July 11, 2284
470,Megan,Female,Common duiker,Tuesday, December 28, 2477
471,Percy,Male,Cape Barren goose,Sunday, June 29, 4256
472,Bridget,Female,Lemur,Tuesday, March 5, 0897
473,Jasmine,Female,Brown capuchin,Wednesday, September 20, 0090
474,Erin,Female,Sparrow,Thursday, September 26, 5433
475,Jacob,Male,Golden eagle,Tuesday, January 9, 8181
476,Britney,Female,Zebu,Monday, October 10, 3729
477,Enoch,Male,Bush dog,Tuesday, June 8, 9480
478,Doug,Male,Common pheasant,Saturday, October 30, 4545
479,Logan,Male,Collared peccary,Monday, April 10, 1651
480,Robyn,Female,Gila monster,Monday, June 22, 8353
481,Liliana,Female,Field flicker,Wednesday, December 17, 4510
482,Mayleen,Female,FireFly,Thursday, September 11, 0104
483,Gina,Female,Badger,Sunday, March 14, 8123
484,Clint,Male,Sloth,Wednesday, July 17, 6880
485,Lynn,Female,Indian peacock,Thursday, September 4, 5738
486,Martin,Male,Fisher,Wednesday, November 13, 6307
487,Carter,Male,Field flicker,Wednesday, October 13, 0297
488,Sage,Female,European wild cat,Tuesday, September 13, 9081
489,Benny,Male,Harbor seal,Wednesday, April 28, 4726
490,Rufus,Male,Worm,Friday, February 24, 4728
491,Liam,Male,European beaver,Thursday, August 9, 7962
492,Mayleen,Female,Blue shark,Wednesday, January 9, 3157
493,Clint,Male,Javan gold-spotted mongoose,Thursday, April 11, 2019
494,Stella,Female,Sparrow,Monday, March 3, 7902
495,Wade,Male,Dusky gull,Thursday, May 19, 3921
496,Marvin,Male,Eastern cottontail rabbit,Monday, July 17, 6975
497,Melody,Female,squid,Monday, October 13, 9603
498,Javier,Male,Eurasian beaver,Saturday, June 9, 5984
499,Estrella,Female,Armadillo,Friday, December 11, 9311
500,Benjamin,Male,Dalmatian,Friday, June 14, 9957
501,Belinda,Female,Somali,Friday, April 22, 9983
502,Gwen,Female,Eastern diamondback rattlesnake,Friday, November 28, 8651
503,Alexia,Female,Cattle egret,Saturday, May 20, 9150
504,Tyson,Male,Huron,Wednesday, November 23, 3594
505,Denny,Male,Galapagos dove,Wednesday, July 11, 4300
506,Doug,Male,Eagle owl,Sunday, February 5, 4569
507,Peter,Male,Bat,Saturday, August 13, 0129
508,Mary,Female,Hanuman langur,Tuesday, November 12, 6571
509,Sofia,Female,Indian star tortoise,Sunday, November 3, 2982
510,Barney,Male,Cheetah,Sunday, July 15, 0204
511,Miriam,Female,Gila monster,Sunday, May 19, 6097
512,Erin,Female,Giant heron,Monday, October 14, 8182
513,Ethan,Male,Desert tortoise,Friday, September 17, 3052
514,Elijah,Male,Indian mynah,Saturday, January 9, 2449
515,Chad,Male,Helmeted guinea fowl,Wednesday, February 11, 8437
516,Havana,Female,Feral rock pigeon,Friday, August 12, 9340
517,Denis,Male,Gambels quail,Thursday, June 11, 6522
518,Lexi,Female,Chacma baboon,Saturday, December 16, 9820
519,Jennifer,Female,Kudu,Saturday, January 3, 5148
520,Trisha,Female,Kaffir cat,Tuesday, March 7, 4761
521,Benjamin,Male,Common wombat,Monday, October 16, 3245
522,Daria,Female,Giant otter,Thursday, July 27, 0350
523,Russel,Male,Cobra,Thursday, February 16, 6604
524,Davina,Female,Black rhinoceros,Wednesday, November 1, 4479
525,Chuck,Male,Kelp gull,Friday, March 13, 2099
526,Abdul,Male,Glossy ibis,Wednesday, August 24, 4061
527,Drew,Female,Indian tree pie,Monday, November 3, 4628
528,Daron,Male,Brown pelican,Tuesday, August 6, 8729
529,Daniel,Male,Albatross,Monday, March 23, 1665
530,Leanne,Female,Gerenuk,Friday, July 25, 5659
531,Tom,Male,Rat,Sunday, June 22, 1755
532,Bridget,Female,Sloth,Tuesday, April 20, 0252
533,Clint,Male,Black-capped chickadee,Thursday, April 20, 3302
534,Kieth,Male,Lemur,Monday, December 30, 3709
535,Marjorie,Female,Kiwi,Monday, August 15, 4433
536,Bart,Male,Indian tree pie,Wednesday, July 7, 8230
537,Fred,Male,Dalmatian,Tuesday, September 13, 0281
538,Aiden,Male,Worm,Thursday, June 30, 5910
539,Miley,Female,Raccoon,Wednesday, January 25, 8761
540,Robyn,Female,Wallaby,Monday, May 23, 4050
541,Camila,Female,Rat,Monday, November 5, 4159
542,Hank,Male,Feral rock pigeon,Sunday, July 10, 6236
543,Sabina,Female,Horned puffin,Tuesday, April 18, 3319
544,Bob,Male,Horned rattlesnake,Monday, March 13, 8575
545,Madelyn,Female,Armadillo,Friday, November 26, 1649
546,Jenna,Female,Jabiru stork,Friday, January 8, 2055
547,Erick,Male,Dassie,Wednesday, October 4, 9482
548,Charlotte,Female,Frilled lizard,Sunday, July 25, 5199
549,Gemma,Female,Bald Eagle,Sunday, February 25, 9720
550,Ron,Male,Gorilla,Thursday, September 29, 2298
551,Aiden,Male,Black rhinoceros,Tuesday, May 19, 5491
552,Bryon,Male,Eurasian red squirrel,Saturday, March 11, 4711
553,Danny,Male,Burrowing owl,Thursday, July 3, 5000
554,Liam,Male,Chital,Saturday, July 6, 0239
555,Tyson,Male,Indian tree pie,Friday, July 18, 6431
556,Martin,Male,Hottentot teal,Tuesday, June 10, 6786
557,Julian,Male,Blue duck,Saturday, December 31, 8321
558,Alan,Male,Harrie,Wednesday, April 27, 3566
559,Matthew,Male,Black rhinoceros,Wednesday, October 15, 5614
560,Bob,Male,Fox,Friday, September 4, 6448
561,Ruby,Female,Hamster,Sunday, October 16, 2872
562,Claire,Female,Collared lizard,Sunday, October 9, 0338
563,Michael,Male,European wild cat,Sunday, August 9, 0448
564,Tyler,Male,Hamster,Thursday, August 31, 1786
565,Nate,Male,Frilled dragon,Wednesday, December 2, 7739
566,Tom,Male,Honey badger,Friday, May 12, 1747
567,Wade,Male,Fairy penguin,Monday, September 17, 8649
568,Tom,Male,Common langur,Friday, July 15, 2512
569,Brad,Male,Yak,Sunday, March 12, 4215
570,Candice,Female,Duck,Thursday, March 18, 2545
571,Marvin,Male,Cheetah,Saturday, May 10, 0498
572,Josh,Male,Common turkey,Thursday, March 17, 0557
573,George,Male,Carpet python,Monday, February 1, 2534
574,Roger,Male,European spoonbill,Saturday, August 27, 2444
575,Russel,Male,Alpaca,Sunday, January 14, 3629
576,Erica,Female,Leopard,Thursday, November 5, 7840
577,Michael,Male,Golden jackal,Sunday, December 23, 5212
578,Nick,Male,Ladybug,Monday, June 21, 0804
579,Enoch,Male,Giant otter,Sunday, January 17, 2106
580,Melody,Female,Horned puffin,Thursday, August 20, 2144
581,Iris,Female,Black spider monkey,Sunday, May 12, 8346
582,Matthew,Male,Groundhog,Saturday, June 21, 0110
583,Russel,Male,Collared lemming,Wednesday, March 15, 5200
584,Maya,Female,Flightless cormorant,Thursday, January 30, 2544
585,Hannah,Female,Dromedary camel,Friday, October 19, 0970
586,Bob,Male,Panda,Saturday, June 3, 3876
587,Aiden,Male,European beaver,Saturday, August 21, 3047
588,Manuel,Male,Euro wallaby,Monday, July 22, 7174
589,Beatrice,Female,Monkey,Tuesday, November 20, 2503
590,Makenzie,Female,European red squirrel,Wednesday, March 26, 3952
591,Emma,Female,European beaver,Monday, February 4, 3067
592,Wade,Male,Killer whale,Monday, December 10, 6412
593,Benny,Male,Scorpion,Tuesday, July 27, 8562
594,Samara,Female,Black-tailed deer,Sunday, June 19, 2310
595,Eileen,Female,Badger,Saturday, October 26, 2126
596,Goldie,Female,Dusky gull,Tuesday, December 3, 1247
597,Angelica,Female,Common turkey,Tuesday, March 8, 6067
598,Gina,Female,Blue duck,Saturday, March 21, 3440
599,Gwen,Female,Emerald green tree boa,Friday, October 6, 4626
600,Camden,Female,Eastern white pelican,Wednesday, November 9, 6078
601,Jayden,Male,Four-horned antelope,Thursday, December 7, 0045
602,Peyton,Female,Common ringtail,Sunday, March 1, 8409
603,Angelica,Female,Feral rock pigeon,Saturday, December 24, 7087
604,Aleksandra,Female,Wolverine,Tuesday, November 9, 8404
605,Matthew,Male,Great white pelican,Wednesday, June 10, 0843
606,Aeris,Female,Common langur,Monday, February 20, 8034
607,Regina,Female,Great white pelican,Monday, July 21, 9636
608,Anthony,Male,Lemur,Friday, January 7, 0135
609,Rachael,Female,Armadillo,Sunday, April 29, 4953
610,Renee,Female,Giant otter,Wednesday, February 16, 6061
611,Martin,Male,Badger,Saturday, August 9, 1428
612,Juliette,Female,Monkey,Saturday, June 24, 7505
613,Abdul,Male,Chipmunk,Monday, January 22, 7968
614,Mason,Male,Common wombat,Monday, February 22, 9143
615,Rita,Female,Hedgedog,Tuesday, September 13, 4033
616,Owen,Male,Dusky gull,Friday, August 8, 2003
617,Judith,Female,Indian peacock,Thursday, February 4, 9255
618,Rufus,Male,Swan,Thursday, April 8, 6455
619,Julius,Male,Caracal,Sunday, August 26, 4531
620,Martin,Male,Flightless cormorant,Thursday, October 14, 2488
621,Rihanna,Female,Common pheasant,Wednesday, August 25, 6162
622,Angel,Female,Groundhog,Wednesday, January 10, 5038
623,Owen,Male,Blue peacock,Monday, May 17, 5379
624,Percy,Male,Ferret,Monday, March 22, 9148
625,Doug,Male,Eastern grey kangaroo,Saturday, March 31, 1004
626,Chad,Male,Galapagos dove,Wednesday, May 25, 0968
627,Bob,Male,Giant otter,Monday, August 14, 6395
628,Francesca,Female,Lion,Tuesday, December 1, 9142
629,Melania,Female,Mouse,Wednesday, May 26, 2680
630,Hazel,Female,Armadillo,Saturday, April 28, 3551
631,Jamie,Female,Kudu,Saturday, April 21, 0829
632,Hope,Female,Jabiru stork,Wednesday, June 26, 3196
633,Benjamin,Male,Cape raven,Wednesday, May 17, 7600
634,Brooklyn,Female,Feathertail glider,Monday, November 15, 0230
635,Raquel,Female,Possum,Saturday, June 13, 6826
636,Julianna,Female,Giant anteater,Sunday, August 3, 4059
637,Harvey,Male,Antelope,Tuesday, May 3, 3938
638,Phillip,Male,Cape raven,Thursday, July 13, 1606
639,Barney,Male,Catfish,Sunday, November 23, 0188
640,Hayden,Male,Hamster,Saturday, May 27, 5797
641,Tess,Female,Feathertail glider,Saturday, December 9, 5122
642,Emmanuelle,Female,Dusky gull,Wednesday, March 11, 8235
643,Rick,Male,Penguin,Tuesday, April 6, 9419
644,Abbey,Female,Mouse,Friday, January 2, 0263
645,Melanie,Female,Fisher,Wednesday, July 28, 1728
646,Barry,Male,Boar,Sunday, September 19, 3627
647,Molly,Female,Jungle cat,Saturday, April 3, 6934
648,Emerald,Female,Japanese macaque,Monday, April 20, 8865
649,John,Male,Harbor seal,Sunday, June 21, 9282
650,Shay,Female,Desert tortoise,Saturday, October 7, 7775
651,Marvin,Male,Hottentot teal,Monday, May 12, 7231
652,Goldie,Female,Collared lizard,Friday, November 12, 3351
653,Celina,Female,Fossa,Saturday, November 6, 9717
654,Kieth,Male,Giraffe,Tuesday, July 15, 3834
655,Michael,Male,Toucan,Saturday, June 29, 7348
656,Harmony,Female,Wombat,Friday, November 7, 3383
657,Julius,Male,Dama wallaby,Sunday, June 18, 8873
658,Chloe,Female,Desert tortoise,Tuesday, February 8, 8327
659,Bob,Male,Badger,Monday, March 28, 5160
660,Jessica,Female,Capybara,Friday, June 12, 5029
661,Alexander,Male,Common duiker,Friday, May 8, 7029
662,Penny,Female,Great kiskadee,Saturday, January 15, 9081
663,Ramon,Male,Eastern quoll,Sunday, September 27, 1001
664,Leroy,Male,Scorpion,Sunday, August 10, 5102
665,Danny,Male,Calf,Wednesday, January 11, 6930
666,Andrea,Female,Worm,Sunday, May 24, 6640
667,Rae,Female,Indian star tortoise,Monday, May 8, 5690
668,Bryon,Male,Galah,Tuesday, December 19, 0845
669,Gil,Male,Gaur,Friday, January 20, 8130
670,Remy,Female,Raccoon,Friday, November 5, 5232
671,Tiffany,Female,Donkey,Monday, June 13, 3605
672,Parker,Female,Kelp gull,Monday, July 17, 1465
673,Owen,Male,Cobra,Monday, November 17, 4149
674,Diane,Female,Egyptian goose,Wednesday, November 15, 8643
675,Danny,Male,Bushbuck,Saturday, May 11, 4402
676,Jamie,Female,Hoary marmot,Saturday, September 29, 1088
677,Olivia,Female,Kaffir cat,Sunday, December 24, 7048
678,Taylor,Female,Griffon vulture,Thursday, February 26, 4770
679,Benjamin,Male,Galah,Thursday, October 16, 4223
680,Mark,Male,Kiwi,Thursday, January 19, 9764
681,Hayden,Male,Cape raven,Saturday, November 15, 6481
682,Nate,Male,Dassie,Saturday, November 20, 1576
683,Hayden,Male,Caribou,Wednesday, July 10, 3574
684,Drew,Female,Collared lizard,Friday, October 2, 2522
685,George,Male,Hawk-headed parrot,Thursday, April 4, 8897
686,Estrella,Female,Zebu,Sunday, September 23, 5821
687,Nick,Male,Alpaca,Tuesday, August 19, 5321
688,Aiden,Male,FireFly,Saturday, October 22, 1160
689,Boris,Male,Giant otter,Wednesday, June 4, 9687
690,Hank,Male,Blue-tongued lizard,Friday, September 5, 5231
691,Laila,Female,Indian giant squirrel,Wednesday, February 21, 4035
692,Destiny,Female,Eastern fox squirrel,Saturday, January 20, 3680
693,Mark,Male,Indian peacock,Wednesday, July 10, 0312
694,Phillip,Male,Ant,Sunday, April 16, 9352
695,Caitlyn,Female,Carmine bee-eater,Tuesday, January 31, 9769
696,Oliver,Male,Eastern fox squirrel,Thursday, February 4, 9751
697,Clarissa,Female,Common langur,Wednesday, September 24, 5980
698,Danny,Male,Bison,Thursday, August 12, 2190
699,Stacy,Female,Capybara,Sunday, January 26, 1806
700,Clint,Male,Eurasian hoopoe,Tuesday, August 14, 2964
701,Bart,Male,Alpaca,Sunday, March 19, 8113
702,Candice,Female,Giant girdled lizard,Wednesday, March 30, 8507
703,Harry,Male,Four-horned antelope,Tuesday, September 8, 6161
704,Adina,Female,Zebu,Monday, January 21, 2943
705,Beatrice,Female,Worm,Wednesday, June 18, 4504
706,Rita,Female,Komodo Dragon,Sunday, June 28, 4235
707,Norah,Female,Common duiker,Wednesday, March 28, 7190
708,Chuck,Male,Gray langur,Saturday, April 24, 6523
709,Gladys,Female,Fossa,Saturday, August 25, 5573
710,Rocco,Male,Lion,Sunday, January 13, 8509
711,Analise,Female,Seal,Friday, January 17, 1023
712,Felicity,Female,Seal,Tuesday, May 9, 9380
713,Barry,Male,Coyote,Thursday, October 17, 2712
714,Alessandra,Female,Crab,Thursday, September 23, 8326
715,Sarah,Female,Possum,Sunday, February 4, 6294
716,Kieth,Male,Capybara,Saturday, February 3, 2525
717,Barney,Male,Caracal,Monday, August 18, 6606
718,Livia,Female,Eurasian beaver,Monday, August 25, 3490
719,Molly,Female,Dama wallaby,Saturday, November 16, 5252
720,Rufus,Male,Giant girdled lizard,Friday, August 25, 3933
721,Carla,Female,Toucan,Friday, June 6, 4577
722,Lucas,Male,Giraffe,Sunday, April 7, 7574
723,Maxwell,Male,Fox,Saturday, October 13, 0463
724,Manuel,Male,Dog,Tuesday, November 10, 1981
725,Carina,Female,Four-horned antelope,Monday, November 14, 8625
726,Charlize,Female,Galapagos albatross,Wednesday, December 6, 3837
727,Mona,Female,Great horned owl,Monday, October 17, 5735
728,Carla,Female,Giant otter,Thursday, August 2, 2125
729,Valentina,Female,Dalmatian,Sunday, July 30, 0902
730,Olivia,Female,Carpet python,Tuesday, October 25, 4653
731,Kimberly,Female,Eastern cottontail rabbit,Monday, May 3, 4827
732,Julian,Male,wasp,Sunday, October 8, 5978
733,Joseph,Male,African lion,Tuesday, November 4, 8380
734,Logan,Male,Zebra,Friday, October 18, 3557
735,Lucy,Female,Arctic fox,Thursday, May 10, 0407
736,Jessica,Female,Brown pelican,Saturday, January 29, 0089
737,Olivia,Female,Jungle kangaroo,Monday, January 1, 5849
738,Danny,Male,Groundhog,Wednesday, October 6, 6945
739,Johnny,Male,Panda,Monday, September 4, 9076
740,Iris,Female,Komodo dragon,Tuesday, November 14, 3656
741,Summer,Female,Great cormorant,Wednesday, July 3, 0965
742,Sonya,Female,Black-footed ferret,Tuesday, June 16, 1863
743,Alex,Female,Four-horned antelope,Thursday, September 20, 5792
744,Rose,Female,Burrowing owl,Friday, August 16, 9089
745,Logan,Male,Black-footed ferret,Thursday, June 4, 7626
746,Peter,Male,Harrie,Friday, July 4, 9175
747,Harvey,Male,Deer,Friday, December 1, 5752
748,Zara,Female,Seal,Wednesday, May 2, 0153
749,Javier,Male,Gorilla,Wednesday, September 16, 7243
750,Freya,Female,Duck,Thursday, January 19, 5911
751,Tyson,Male,Fairy penguin,Friday, June 1, 7494
752,Logan,Male,Canada goose,Sunday, April 20, 1704
753,Lily,Female,Eagle owl,Friday, May 17, 6667
754,Oliver,Male,Chicken,Wednesday, January 1, 4966
755,Rocco,Male,Great egret,Thursday, January 5, 0997
756,Stacy,Female,Common seal,Sunday, December 27, 9316
757,Elly,Female,Ferruginous hawk,Thursday, June 28, 7229
758,Rufus,Male,Common ringtail,Tuesday, June 15, 2269
759,Jayden,Male,Ant,Wednesday, October 28, 8922
760,Rufus,Male,Kudu,Friday, February 7, 4572
761,Hayden,Female,Harrie,Wednesday, April 15, 6133
762,Dani,Female,Cobra,Thursday, January 1, 5671
763,Matthew,Male,Great cormorant,Tuesday, March 12, 7140
764,Mona,Female,Eastern white pelican,Tuesday, January 10, 6311
765,Chris,Male,Hippopotamus,Tuesday, August 10, 9920
766,Jennifer,Female,Dama wallaby,Monday, July 26, 3858
767,Paige,Female,Capybara,Tuesday, October 7, 9124
768,Violet,Female,Bear,Saturday, June 25, 8072
769,Charlize,Female,Honey badger,Tuesday, March 1, 2349
770,Violet,Female,Kudu,Saturday, December 28, 9974
771,Enoch,Male,Komodo Dragon,Friday, March 25, 7689
772,Mona,Female,Red Panda,Wednesday, November 24, 4083
773,Ryan,Male,Blue wildebeest,Tuesday, September 11, 9331
774,Julius,Male,Desert spiny lizard,Monday, June 19, 5561
775,Celina,Female,Helmeted guinea fowl,Monday, January 11, 1504
776,Susan,Female,Eastern quoll,Sunday, July 7, 0819
777,Henry,Male,Kori bustard,Monday, June 24, 3067
778,Angelina,Female,Honey badger,Sunday, September 5, 8376
779,Joseph,Male,Chicken,Wednesday, June 17, 4409
780,Wade,Male,Duck,Tuesday, November 1, 8281
781,Hope,Female,Seal,Tuesday, May 18, 8669
782,Evie,Female,Common wombat,Sunday, January 26, 8814
783,Rufus,Male,Huron,Thursday, June 17, 2984
784,Eryn,Female,Honey badger,Wednesday, November 18, 2601
785,Lexi,Female,Kinkajou,Thursday, May 6, 6100
786,Carter,Male,Kiwi,Friday, July 28, 2361
787,Rocco,Male,Blue-tongued lizard,Thursday, September 10, 6916
788,Caitlyn,Female,Caribou,Sunday, October 11, 5215
789,Allison,Female,Caracal,Sunday, March 20, 9487
790,Danny,Male,Indian porcupine,Thursday, June 11, 9531
791,Aleksandra,Female,Hippopotamus,Saturday, November 19, 2839
792,Matt,Male,Ladybug,Monday, February 6, 2462
793,Angel,Female,Eastern cottontail rabbit,Friday, April 5, 2735
794,Greta,Female,European red squirrel,Friday, May 16, 5484
795,Meredith,Female,Leopard,Tuesday, May 28, 6097
796,Crystal,Female,European wild cat,Tuesday, June 13, 3178
797,Kieth,Male,Giant girdled lizard,Tuesday, October 16, 7055
798,Holly,Female,Black-footed ferret,Wednesday, March 4, 5401
799,Wade,Male,Cormorant,Tuesday, August 8, 1279
800,Roger,Male,Cape cobra,Saturday, January 19, 4132
801,Quinn,Female,Fly,Wednesday, January 1, 1473
802,Denny,Male,European beaver,Thursday, March 5, 9778
803,Johnathan,Male,Armadillo,Wednesday, June 14, 9651
804,Maddison,Female,Galapagos penguin,Wednesday, June 4, 6560
805,Shelby,Female,African elephant,Thursday, December 15, 5340
806,Sofie,Female,Field flicker,Saturday, December 28, 9450
807,Carter,Male,Egyptian viper,Thursday, October 20, 0603
808,Cadence,Female,Dalmatian,Tuesday, October 29, 6880
809,Ethan,Male,Feathertail glider,Monday, January 26, 9204
810,Mona,Female,Ferruginous hawk,Monday, June 8, 7198
811,Fred,Male,Downy woodpecker,Sunday, October 23, 0755
812,Eduardo,Male,Indian peacock,Thursday, September 6, 2818
813,Anthony,Male,Galapagos dove,Wednesday, June 24, 1626
814,Russel,Male,Scorpion,Friday, March 7, 3541
815,Eileen,Female,Baboon,Sunday, July 22, 1100
816,Martin,Male,Harbor seal,Tuesday, December 29, 7936
817,Sofia,Female,European beaver,Monday, September 22, 6177
818,Leilani,Female,Galapagos penguin,Saturday, May 14, 4794
819,Mason,Male,Penguin,Friday, June 14, 1376
820,Benjamin,Male,Sparrow,Saturday, March 13, 8624
821,Liam,Male,Galapagos penguin,Thursday, May 27, 0765
822,Mike,Male,Dassie,Thursday, February 11, 8449
823,Tyson,Male,Galapagos hawk,Monday, January 30, 0045
824,Teagan,Female,European red squirrel,Tuesday, May 8, 9934
825,Phillip,Male,Gorilla,Saturday, April 2, 5977
826,Mark,Male,Arctic fox,Monday, April 14, 1502
827,Mark,Male,Hippopotamus,Tuesday, July 15, 8352
828,Ronald,Male,Bushbuck,Monday, February 29, 6360
829,Naomi,Female,Sea Elephant,Saturday, November 22, 2375
830,Beatrice,Female,Cormorant,Tuesday, May 10, 4450
831,William,Male,Common duiker,Friday, October 18, 9252
832,Sofie,Female,Cobra,Sunday, April 22, 6964
833,Adela,Female,Galapagos tortoise,Tuesday, October 14, 6302
834,Tyler,Male,Common pheasant,Saturday, January 23, 4100
835,Candice,Female,Gorilla,Tuesday, February 19, 8582
836,Marla,Female,Fairy penguin,Saturday, July 24, 1937
837,Cynthia,Female,Dog,Saturday, December 19, 9514
838,Florence,Female,Turkey,Friday, July 8, 4411
839,Marvin,Male,Galapagos dove,Friday, February 19, 9745
840,Christine,Female,Jungle cat,Sunday, November 7, 7700
841,Cassidy,Female,Antelope,Sunday, June 7, 1581
842,Benny,Male,Lion,Tuesday, April 26, 4281
843,Barry,Male,Desert spiny lizard,Friday, January 24, 8921
844,Mary,Female,Vulture,Wednesday, February 13, 0785
845,Lucy,Female,Donkey,Monday, May 6, 6644
846,Domenic,Male,Collared lizard,Friday, January 5, 1477
847,Denis,Male,Vulture,Saturday, February 6, 9132
848,Anais,Female,Hoary marmot,Friday, November 1, 5280
849,Felicity,Female,Hamster,Thursday, November 14, 6458
850,Kenzie,Female,Cape Barren goose,Tuesday, December 12, 3769
851,Bob,Male,Elephant,Thursday, December 29, 8089
852,Elly,Female,Grizzly bear,Saturday, June 27, 1970
853,Remy,Female,Euro wallaby,Tuesday, February 4, 6764
854,Chris,Male,European beaver,Tuesday, November 11, 7659
855,Joy,Female,European red squirrel,Wednesday, December 19, 0570
856,Luke,Male,Ferruginous hawk,Thursday, June 10, 7621
857,Boris,Male,Butterfly,Sunday, December 20, 0409
858,Gina,Female,Fringe-eared oryx,Wednesday, February 15, 9533
859,Ivette,Female,Harrie,Saturday, August 4, 6496
860,Kurt,Male,Indian leopard,Wednesday, February 4, 0409
861,Livia,Female,Helmeted guinea fowl,Wednesday, December 1, 7565
862,Leroy,Male,Gray rhea,Thursday, September 23, 6421
863,Emery,Female,eagle,Friday, June 18, 3199
864,Alexia,Female,Black-tailed deer,Tuesday, September 23, 5890
865,Lucy,Female,Common turkey,Thursday, December 24, 1350
866,Adela,Female,European stork,Thursday, November 13, 7045
867,Danny,Male,Downy woodpecker,Saturday, October 12, 5641
868,Kurt,Male,Eastern indigo snake,Thursday, November 21, 9563
869,Grace,Female,Indian star tortoise,Wednesday, February 19, 5755
870,Jayden,Male,Dusky gull,Sunday, June 10, 9083
871,Ciara,Female,Cheetah,Saturday, November 21, 1153
872,Barney,Male,Grizzly bear,Thursday, November 4, 2269
873,Logan,Male,Emu,Saturday, September 10, 6264
874,Anthony,Male,Wallaby,Monday, September 19, 2631
875,Hope,Female,Great cormorant,Sunday, October 25, 4291
876,Cristal,Female,Seal,Friday, August 10, 8159
877,Maggie,Female,Blue-tongued lizard,Friday, October 6, 5161
878,Hank,Male,Golden eagle,Sunday, September 10, 8389
879,Russel,Male,Polar Bear,Tuesday, May 22, 2283
880,Maia,Female,Turkey,Monday, February 25, 6965
881,Goldie,Female,Herring gull,Saturday, September 14, 7022
882,Barry,Male,Killer whale,Saturday, November 22, 7879
883,Doug,Male,Galapagos sea lion,Sunday, April 28, 1365
884,Bree,Female,Chital,Friday, July 20, 8491
885,Hayden,Male,Gaur,Sunday, November 11, 2700
886,Ron,Male,California sea lion,Sunday, February 28, 2332
887,Marvin,Male,Antelope,Saturday, February 24, 9494
888,Gil,Male,Giant anteater,Thursday, August 16, 0536
889,Noah,Male,Common dolphin,Sunday, September 9, 6401
890,Hannah,Female,Common shelduck,Friday, April 15, 8861
891,Benny,Male,Jungle kangaroo,Monday, May 11, 8865
892,Gabriel,Male,Clown Fish,Monday, September 17, 2790
893,Destiny,Female,Blue-tongued lizard,Saturday, December 27, 8730
894,Colleen,Female,Javan gold-spotted mongoose,Wednesday, June 7, 8017
895,Chadwick,Male,Black-capped chickadee,Thursday, April 22, 4404
896,Alan,Male,Coyote,Thursday, June 13, 7185
897,Cynthia,Female,Penguin,Monday, March 26, 4592
898,Ema,Female,Frilled dragon,Wednesday, January 26, 8710
899,Mayleen,Female,Indian mynah,Thursday, December 13, 3506
900,Logan,Female,Caracal,Wednesday, June 5, 7805
901,Holly,Female,Boar,Thursday, January 26, 9336
902,Cynthia,Female,Great egret,Saturday, November 10, 7359
903,Kieth,Male,Common zebra,Saturday, August 23, 8380
904,Carl,Male,Great cormorant,Friday, September 28, 6908
905,Noah,Male,Lemur,Tuesday, December 6, 6011
906,Jane,Female,Chipmunk,Friday, March 9, 6114
907,Alan,Male,Indian giant squirrel,Thursday, June 25, 0229
908,Ally,Female,Griffon vulture,Wednesday, February 19, 3631
909,Lindsay,Female,Common turkey,Friday, July 17, 1807
910,Olivia,Female,Weasel,Saturday, July 22, 1651
911,Camellia,Female,Gray heron,Thursday, December 27, 1877
912,Denny,Male,Leopard,Saturday, January 2, 7486
913,Gil,Male,Yak,Thursday, June 25, 7339
914,Manuel,Male,Chestnut weaver,Friday, December 2, 2298
915,William,Male,Gila monster,Monday, October 18, 0962
916,Bob,Male,European badger,Thursday, November 24, 7261
917,Doug,Male,Fairy penguin,Thursday, February 19, 5311
918,Stacy,Female,Huron,Thursday, May 10, 5466
919,Crystal,Female,Capybara,Saturday, October 3, 8916
920,Rufus,Male,Great horned owl,Monday, September 30, 3405
921,Rick,Male,African elephant,Thursday, June 16, 3272
922,Barry,Male,Eastern quoll,Monday, December 28, 7931
923,Analise,Female,Blue duck,Wednesday, May 2, 9083
924,Tess,Female,Indian tree pie,Wednesday, May 1, 0802
925,Davina,Female,Kiwi,Thursday, November 29, 7945
926,Jamie,Female,Emerald green tree boa,Saturday, October 17, 5676
927,Carol,Female,Great kiskadee,Tuesday, August 24, 3683
928,Gabriel,Male,Brown lemur,Saturday, May 22, 5469
929,Adeline,Female,Common turkey,Sunday, March 12, 9273
930,Nick,Male,Somali,Saturday, August 12, 0462
931,Bart,Male,Chacma baboon,Friday, February 1, 9124
932,Percy,Male,Galapagos dove,Saturday, August 30, 7034
933,Bryon,Male,Indian tree pie,Sunday, October 21, 6931
934,Jack,Male,Sloth,Monday, August 18, 4436
935,Mark,Male,Horned lark,Saturday, December 13, 1558
936,Tyson,Male,Bat,Sunday, November 1, 5418
937,Anthony,Male,Jungle kangaroo,Thursday, December 22, 4067
938,Hayden,Male,Common wolf,Tuesday, January 25, 8400
939,Audrey,Female,Collared lizard,Wednesday, April 1, 6336
940,Priscilla,Female,Chital,Sunday, February 11, 0306
941,Summer,Female,Swan,Saturday, January 12, 9991
942,Chester,Male,Wombat,Sunday, February 14, 0151
943,Bart,Male,Eurasian red squirrel,Sunday, July 20, 4730
944,Bob,Male,Possum,Monday, February 22, 8686
945,Johnny,Male,Seal,Wednesday, January 12, 3572
946,Joseph,Male,Indian jackal,Saturday, February 8, 1349
947,Doug,Male,Horned rattlesnake,Saturday, December 28, 9776
948,Daron,Male,Bushbuck,Saturday, May 27, 2445
949,Ethan,Male,Yak,Tuesday, February 23, 1677
950,Matt,Male,Collared peccary,Sunday, April 26, 9457
951,Boris,Male,Carpet python,Wednesday, June 4, 5659
952,Aisha,Female,Dalmatian,Saturday, November 10, 7128
953,Brad,Male,King vulture,Monday, December 12, 0710
954,Trisha,Female,Jungle cat,Friday, March 12, 7965
955,Lily,Female,Canada goose,Sunday, April 14, 4554
956,Blake,Female,Fork-tailed drongo,Saturday, June 5, 9841
957,Mona,Female,Harrie,Thursday, May 8, 5484
958,Madison,Female,Jungle cat,Tuesday, December 20, 7272
959,Mark,Male,Feral rock pigeon,Friday, February 27, 3925
960,Chester,Male,Common shelduck,Wednesday, January 8, 5412
961,Russel,Male,Brown pelican,Tuesday, March 2, 1204
962,Tara,Female,Cormorant,Thursday, April 6, 4834
963,Doris,Female,Jabiru stork,Tuesday, January 24, 0536
964,Lauren,Female,Kinkajou,Wednesday, November 6, 0301
965,Nate,Male,African elephant,Friday, January 29, 4230
966,Johnny,Male,Dusky gull,Sunday, May 15, 0107
967,Tony,Male,Indian porcupine,Saturday, May 2, 0296
968,Josh,Male,Koala,Monday, October 10, 8698
969,Enoch,Male,Galapagos hawk,Monday, August 15, 1059
970,Eduardo,Male,Emu,Friday, October 27, 4237
971,Boris,Male,Groundhog,Monday, September 22, 1400
972,Leilani,Female,Leopard,Thursday, April 13, 4739
973,Jacqueline,Female,Elephant,Sunday, June 8, 6375
974,Valentina,Female,Fossa,Sunday, February 14, 9362
975,Phillip,Male,Red Panda,Monday, December 26, 5616
976,Leanne,Female,Helmeted guinea fowl,Tuesday, April 13, 9199
977,Scarlett,Female,Crab,Tuesday, November 12, 1535
978,Barney,Male,Eurasian red squirrel,Thursday, July 22, 9869
979,Liliana,Female,Giant anteater,Sunday, October 5, 1023
980,Ron,Male,Cereopsis goose,Monday, November 3, 6194
981,Julian,Male,Koala,Sunday, October 19, 8577
982,Hope,Female,Panda,Tuesday, June 5, 2896
983,Cristal,Female,Sea Lion,Tuesday, March 22, 3289
984,Fiona,Female,Indian jackal,Thursday, August 6, 6809
985,John,Male,African elephant,Friday, September 21, 4063
986,Cara,Female,Rat,Friday, January 11, 5765
987,Aurelia,Female,Zebra,Sunday, June 9, 1393
988,Danielle,Female,Galapagos penguin,Sunday, August 17, 6645
989,Michaela,Female,Collared lemming,Saturday, March 26, 5921
990,Marigold,Female,Barking gecko,Friday, July 14, 4547
991,Liam,Male,Cobra,Saturday, June 3, 4282
992,Alan,Male,Indian giant squirrel,Sunday, January 19, 1164
993,Percy,Male,Jungle kangaroo,Thursday, August 13, 3953
994,Trisha,Female,Wallaby,Wednesday, October 15, 1732
995,Aiden,Male,Egyptian goose,Sunday, February 20, 6174
996,Jolene,Female,Dodo,Tuesday, April 14, 3682
997,Zoe,Female,Grizzly bear,Monday, August 5, 0712
998,Cameron,Female,Ferruginous hawk,Tuesday, November 27, 9742
999,Jacob,Male,Galapagos penguin,Saturday, January 2, 2799
1000,Emery,Female,Common shelduck,Wednesday, December 2, 9429

